event_id,date,event_type,event,event_display_name,source_workbook,source_path,player_count,input_player_count,round_observation_count,match_count,paired_match_count,single_sided_match_count,conflicting_match_count,bye_round_count,unresolved_round_count
online-challenge-2024-03-16,2024-03-16,online,MTGO Challenge (2024-03-16),Challenge,16 March _24 Pauper Challenge 32 Matchups.xlsx,2024/March _24/16 March _24 Pauper Challenge 32 Matchups.xlsx,47,47,282,139,139,0,0,4,0
online-challenge-2024-03-17,2024-03-17,online,MTGO Challenge (2024-03-17),Challenge,17 March _24 Pauper Challenge 32 Matchups.xlsx,2024/March _24/17 March _24 Pauper Challenge 32 Matchups.xlsx,52,52,284,141,141,0,0,2,0
online-challenge-64-2024-03-17,2024-03-17,online,MTGO Challenge 64 (2024-03-17),Challenge 64,17 March _24 Pauper Challenge 64 Matchups.xlsx,2024/March _24/17 March _24 Pauper Challenge 64 Matchups.xlsx,64,64,370,185,182,2,1,2,0
online-challenge-2024-03-23,2024-03-23,online,MTGO Challenge (2024-03-23),Challenge,23 March _24 Pauper Challenge 32 Matchups.xlsx,2024/March _24/23 March _24 Pauper Challenge 32 Matchups.xlsx,50,50,301,149,149,0,0,3,0
online-challenge-2024-03-24,2024-03-24,online,MTGO Challenge (2024-03-24),Challenge,24 March _24 Pauper Challenge 32 Matchups.xlsx,2024/March _24/24 March _24 Pauper Challenge 32 Matchups.xlsx,45,45,273,134,134,0,0,5,0
online-challenge-64-2024-03-24,2024-03-24,online,MTGO Challenge 64 (2024-03-24),Challenge 64,24 March _24 Pauper Challenge 64 Matchups.xlsx,2024/March _24/24 March _24 Pauper Challenge 64 Matchups.xlsx,64,64,367,182,182,0,0,3,0
online-challenge-2024-03-30,2024-03-30,online,MTGO Challenge (2024-03-30),Challenge,30 March _24 Pauper Challenge 32 Matchups.xlsx,2024/March _24/30 March _24 Pauper Challenge 32 Matchups.xlsx,60,60,336,167,167,0,0,2,0
online-challenge-2024-03-31,2024-03-31,online,MTGO Challenge (2024-03-31),Challenge,31 March _24 Pauper Challenge 32 Matchups.xlsx,2024/March _24/31 March _24 Pauper Challenge 32 Matchups.xlsx,56,56,313,155,154,0,1,3,0
online-challenge-64-2024-03-31,2024-03-31,online,MTGO Challenge 64 (2024-03-31),Challenge 64,31 March _24 Pauper Challenge 64 Matchups.xlsx,2024/March _24/31 March _24 Pauper Challenge 64 Matchups.xlsx,70,70,477,237,234,1,2,3,0
online-challenge-2024-04-05,2024-04-05,online,MTGO Challenge (2024-04-05),Challenge,5 April _24 Pauper Challenge 32 Matchups.xlsx,2024/April _24/5 April _24 Pauper Challenge 32 Matchups.xlsx,64,64,353,175,175,0,0,3,0
online-challenge-2024-04-06,2024-04-06,online,MTGO Challenge (2024-04-06),Challenge,6 April _24 Pauper Challenge 32 Matchups.xlsx,2024/April _24/6 April _24 Pauper Challenge 32 Matchups.xlsx,68,68,428,213,213,0,0,2,0
online-challenge-2024-04-07,2024-04-07,online,MTGO Challenge (2024-04-07),Challenge,7 April _24 Pauper Challenge 32 Matchups.xlsx,2024/April _24/7 April _24 Pauper Challenge 32 Matchups.xlsx,55,55,291,144,144,0,0,3,0
online-challenge-64-2024-04-07,2024-04-07,online,MTGO Challenge 64 (2024-04-07),Challenge 64,7 April _24 Pauper Challenge 64 Matchups.xlsx,2024/April _24/7 April _24 Pauper Challenge 64 Matchups.xlsx,64,64,336,166,166,0,0,4,0
online-challenge-2024-04-12,2024-04-12,online,MTGO Challenge (2024-04-12),Challenge,12 April _24 Pauper Challenge 32 Matchups.xlsx,2024/April _24/12 April _24 Pauper Challenge 32 Matchups.xlsx,52,52,302,150,150,0,0,2,0
online-challenge-2024-04-13,2024-04-13,online,MTGO Challenge (2024-04-13),Challenge,13 April _24 Pauper Challenge 32 Matchups.xlsx,2024/April _24/13 April _24 Pauper Challenge 32 Matchups.xlsx,55,55,302,149,149,0,0,4,0
online-challenge-2024-04-14,2024-04-14,online,MTGO Challenge (2024-04-14),Challenge,14 April _24 Pauper Challenge 32 Matchups.xlsx,2024/April _24/14 April _24 Pauper Challenge 32 Matchups.xlsx,50,50,284,141,141,0,0,2,0
online-challenge-64-2024-04-14,2024-04-14,online,MTGO Challenge 64 (2024-04-14),Challenge 64,14 April _24 Pauper Challenge 64 Matchups.xlsx,2024/April _24/14 April _24 Pauper Challenge 64 Matchups.xlsx,75,75,471,234,234,0,0,3,0
online-challenge-2024-04-19,2024-04-19,online,MTGO Challenge (2024-04-19),Challenge,19 April _24 Pauper Challenge 32 Matchups.xlsx,2024/April _24/19 April _24 Pauper Challenge 32 Matchups.xlsx,62,62,339,170,167,2,1,1,0
online-challenge-2024-04-20,2024-04-20,online,MTGO Challenge (2024-04-20),Challenge,20 April _24 Pauper Challenge 32 Matchups.xlsx,2024/April _24/20 April _24 Pauper Challenge 32 Matchups.xlsx,49,49,280,138,138,0,0,4,0
online-showcase-2024-04-20,2024-04-20,online,MTGO Showcase (2024-04-20),Showcase,20 April _24 Pauper Showcase Matchups.xlsx,2024/April _24/20 April _24 Pauper Showcase Matchups.xlsx,132,132,855,427,425,2,0,3,0
online-challenge-2024-04-21,2024-04-21,online,MTGO Challenge (2024-04-21),Challenge,21 April _24 Pauper Challenge 32 Matchups.xlsx,2024/April _24/21 April _24 Pauper Challenge 32 Matchups.xlsx,52,52,302,150,150,0,0,2,0
online-challenge-64-2024-04-21,2024-04-21,online,MTGO Challenge 64 (2024-04-21),Challenge 64,21 April _24 Pauper Challenge 64 Matchups.xlsx,2024/April _24/21 April _24 Pauper Challenge 64 Matchups.xlsx,74,74,476,236,236,0,0,4,0
online-challenge-2024-04-26,2024-04-26,online,MTGO Challenge (2024-04-26),Challenge,26 April _24 Pauper Challenge 32 Matchups.xlsx,2024/April _24/26 April _24 Pauper Challenge 32 Matchups.xlsx,63,63,353,152,150,0,2,3,46
online-challenge-2024-04-27,2024-04-27,online,MTGO Challenge (2024-04-27),Challenge,27 April _24 Pauper Challenge 32 Matchups.xlsx,2024/April _24/27 April _24 Pauper Challenge 32 Matchups.xlsx,49,49,275,135,135,0,0,5,0
online-challenge-2024-04-28,2024-04-28,online,MTGO Challenge (2024-04-28),Challenge,28 April _24 Pauper Challenge 32 Matchups.xlsx,2024/April _24/28 April _24 Pauper Challenge 32 Matchups.xlsx,46,46,263,129,129,0,0,5,0
online-challenge-64-2024-04-28,2024-04-28,online,MTGO Challenge 64 (2024-04-28),Challenge 64,28 April _24 Pauper Challenge 64 Matchups.xlsx,2024/April _24/28 April _24 Pauper Challenge 64 Matchups.xlsx,64,64,365,182,182,0,0,1,0
online-challenge-2024-05-03,2024-05-03,online,MTGO Challenge (2024-05-03),Challenge,3 May _24 Pauper Challenge 32 Matchups.xlsx,2024/May _24/3 May _24 Pauper Challenge 32 Matchups.xlsx,59,59,327,161,161,0,0,5,0
online-challenge-2024-05-04,2024-05-04,online,MTGO Challenge (2024-05-04),Challenge,4 May _24 Pauper Challenge 32 Matchups.xlsx,2024/May _24/4 May _24 Pauper Challenge 32 Matchups.xlsx,54,54,314,156,156,0,0,2,0
online-challenge-2024-05-05,2024-05-05,online,MTGO Challenge (2024-05-05),Challenge,5 May _24 Pauper Challenge 32 Matchups.xlsx,2024/May _24/5 May _24 Pauper Challenge 32 Matchups.xlsx,41,41,250,122,122,0,0,6,0
online-challenge-64-2024-05-05,2024-05-05,online,MTGO Challenge 64 (2024-05-05),Challenge 64,5 May _24 Pauper Challenge 64 Matchups.xlsx,2024/May _24/5 May _24 Pauper Challenge 64 Matchups.xlsx,67,67,421,209,209,0,0,3,0
online-challenge-2024-05-10,2024-05-10,online,MTGO Challenge (2024-05-10),Challenge,10 May _24 Pauper Challenge 32 Matchups.xlsx,2024/May _24/10 May _24 Pauper Challenge 32 Matchups.xlsx,42,42,258,128,128,0,0,2,0
online-challenge-2024-05-11,2024-05-11,online,MTGO Challenge (2024-05-11),Challenge,11 May _24 Pauper Challenge 32 Matchups.xlsx,2024/May _24/11 May _24 Pauper Challenge 32 Matchups.xlsx,47,47,289,143,141,2,0,5,0
online-challenge-64-2024-05-12,2024-05-12,online,MTGO Challenge 64 (2024-05-12),Challenge 64,12 May _24 Pauper Challenge 64 Matchups.xlsx,2024/May _24/12 May _24 Pauper Challenge 64 Matchups.xlsx,68,68,462,230,230,0,0,2,0
online-challenge-2024-05-17,2024-05-17,online,MTGO Challenge (2024-05-17),Challenge,17 May _24 Pauper Challenge 32 Matchups.xlsx,2024/May _24/17 May _24 Pauper Challenge 32 Matchups.xlsx,46,46,268,133,133,0,0,2,0
online-challenge-2024-05-18,2024-05-18,online,MTGO Challenge (2024-05-18),Challenge,18 May _24 Pauper Challenge 32 Matchups.xlsx,2024/May _24/18 May _24 Pauper Challenge 32 Matchups.xlsx,44,44,265,131,131,0,0,3,0
online-challenge-64-2024-05-19,2024-05-19,online,MTGO Challenge 64 (2024-05-19),Challenge 64,19 May _24 Pauper Challenge 64 (NO) Matchups _(.xlsx,2024/May _24/19 May _24 Pauper Challenge 64 (NO) Matchups _(.xlsx,75,75,0,0,0,0,0,0,0
online-challenge-2024-05-24,2024-05-24,online,MTGO Challenge (2024-05-24),Challenge,24 May _24 Pauper Challenge 32 Matchups.xlsx,2024/May _24/24 May _24 Pauper Challenge 32 Matchups.xlsx,56,56,325,161,161,0,0,3,0
online-challenge-2024-05-25,2024-05-25,online,MTGO Challenge (2024-05-25),Challenge,25 May _24 Pauper Challenge 32 Matchups.xlsx,2024/May _24/25 May _24 Pauper Challenge 32 Matchups.xlsx,39,39,235,117,115,2,0,3,0
online-showcase-2024-05-25,2024-05-25,online,MTGO Showcase (2024-05-25),Showcase,25 May _24 Pauper Showcase Matchups.xlsx,2024/May _24/25 May _24 Pauper Showcase Matchups.xlsx,148,148,976,486,484,2,0,6,0
online-challenge-64-2024-05-26,2024-05-26,online,MTGO Challenge 64 (2024-05-26),Challenge 64,26 May _24 Pauper Challenge 64 Matchups.xlsx,2024/May _24/26 May _24 Pauper Challenge 64 Matchups.xlsx,68,68,419,209,207,2,0,3,0
online-challenge-2024-05-31,2024-05-31,online,MTGO Challenge (2024-05-31),Challenge,31 May _24 Pauper Challenge 32 Matchups.xlsx,2024/May _24/31 May _24 Pauper Challenge 32 Matchups.xlsx,63,63,353,175,175,0,0,3,0
online-challenge-2024-06-01,2024-06-01,online,MTGO Challenge (2024-06-01),Challenge,1 June _24 Pauper Challenge 32 Matchups - NO MATCHUPS _(.xlsx,2024/June _24/1 June _24 Pauper Challenge 32 Matchups - NO MATCHUPS _(.xlsx,53,53,0,0,0,0,0,0,0
online-challenge-64-2024-06-02,2024-06-02,online,MTGO Challenge 64 (2024-06-02),Challenge 64,2 June _24 Pauper Challenge 64 Matchups.xlsx,2024/June _24/2 June _24 Pauper Challenge 64 Matchups.xlsx,68,68,420,208,207,0,1,4,0
online-challenge-2024-06-07,2024-06-07,online,MTGO Challenge (2024-06-07),Challenge,7 June _24 Pauper Challenge 32 Matchups.xlsx,2024/June _24/7 June _24 Pauper Challenge 32 Matchups.xlsx,61,61,347,172,169,2,1,5,0
online-challenge-2024-06-08,2024-06-08,online,MTGO Challenge (2024-06-08),Challenge,8 June _24 Pauper Challenge 32 Matchups.xlsx,2024/June _24/8 June _24 Pauper Challenge 32 Matchups.xlsx,50,50,288,142,142,0,0,4,0
online-super-2024-06-08,2024-06-08,online,MTGO Super (2024-06-08),Super,8 June _24 Pauper Super Qualifier Matchups.xlsx,2024/June _24/8 June _24 Pauper Super Qualifier Matchups.xlsx,203,203,1282,641,638,2,1,2,0
online-challenge-64-2024-06-09,2024-06-09,online,MTGO Challenge 64 (2024-06-09),Challenge 64,9 June _24 Pauper Challenge 64 Matchups.xlsx,2024/June _24/9 June _24 Pauper Challenge 64 Matchups.xlsx,69,69,450,223,223,0,0,4,0
online-challenge-2024-06-14,2024-06-14,online,MTGO Challenge (2024-06-14),Challenge,14 June _24 Pauper Challenge 32 Matchups - MH3 Begins.xlsx,2024/June _24/14 June _24 Pauper Challenge 32 Matchups - MH3 Begins.xlsx,61,61,342,169,169,0,0,4,0
online-challenge-2024-06-15,2024-06-15,online,MTGO Challenge (2024-06-15),Challenge,15 June _24 Pauper Challenge 32 Matchups.xlsx,2024/June _24/15 June _24 Pauper Challenge 32 Matchups.xlsx,52,52,293,146,144,2,0,3,0
online-challenge-64-2024-06-16,2024-06-16,online,MTGO Challenge 64 (2024-06-16),Challenge 64,16 June _24 Pauper Challenge 64 Matchups.xlsx,2024/June _24/16 June _24 Pauper Challenge 64 Matchups.xlsx,66,66,420,209,209,0,0,2,0
online-challenge-2024-06-21,2024-06-21,online,MTGO Challenge (2024-06-21),Challenge,21 June _24 Pauper Challenge 32 Matchups.xlsx,2024/June _24/21 June _24 Pauper Challenge 32 Matchups.xlsx,48,48,289,144,144,0,0,1,0
online-challenge-2024-06-22,2024-06-22,online,MTGO Challenge (2024-06-22),Challenge,22 June _24 Pauper Challenge 32 Matchups.xlsx,2024/June _24/22 June _24 Pauper Challenge 32 Matchups.xlsx,49,49,284,139,139,0,0,6,0
online-challenge-2024-06-28,2024-06-28,online,MTGO Challenge (2024-06-28),Challenge,28 June _24 Pauper Challenge 32 Matchups.xlsx,2024/June _24/28 June _24 Pauper Challenge 32 Matchups.xlsx,46,46,282,140,140,0,0,2,0
online-challenge-2024-06-29,2024-06-29,online,MTGO Challenge (2024-06-29),Challenge,29 June _24 Pauper Challenge 32 Matchups.xlsx,2024/June _24/29 June _24 Pauper Challenge 32 Matchups.xlsx,48,48,286,142,142,0,0,2,0
online-challenge-64-2024-06-30,2024-06-30,online,MTGO Challenge 64 (2024-06-30),Challenge 64,30 June _24 Pauper Challenge 64 Matchups.xlsx,2024/June _24/30 June _24 Pauper Challenge 64 Matchups.xlsx,64,64,356,176,176,0,0,4,0
online-challenge-2024-07-05,2024-07-05,online,MTGO Challenge (2024-07-05),Challenge,5 July _24 Pauper Challenge 32 Matchups.xlsx,2024/July _24/5 July _24 Pauper Challenge 32 Matchups.xlsx,61,61,336,167,164,2,1,4,0
online-challenge-2024-07-06,2024-07-06,online,MTGO Challenge (2024-07-06),Challenge,6 July _24 Pauper Challenge 32 Matchups.xlsx,2024/July _24/6 July _24 Pauper Challenge 32 Matchups.xlsx,50,50,293,146,146,0,0,1,0
online-showcase-2024-07-06,2024-07-06,online,MTGO Showcase (2024-07-06),Showcase,6 July _24 Pauper Showcase Matchups.xlsx,2024/July _24/6 July _24 Pauper Showcase Matchups.xlsx,241,241,1600,801,793,8,0,6,0
online-challenge-64-2024-07-07,2024-07-07,online,MTGO Challenge 64 (2024-07-07),Challenge 64,7 July _24 Pauper Challenge 64 Matchups.xlsx,2024/July _24/7 July _24 Pauper Challenge 64 Matchups.xlsx,67,67,408,203,203,0,0,2,0
online-challenge-2024-07-12,2024-07-12,online,MTGO Challenge (2024-07-12),Challenge,12 July _24 Pauper Challenge 32 Matchups.xlsx,2024/July _24/12 July _24 Pauper Challenge 32 Matchups.xlsx,50,50,298,152,143,8,1,2,0
online-challenge-2024-07-13,2024-07-13,online,MTGO Challenge (2024-07-13),Challenge,13 July _24 Pauper Challenge 32 Matchups.xlsx,2024/July _24/13 July _24 Pauper Challenge 32 Matchups.xlsx,58,58,314,156,156,0,0,2,0
online-challenge-2024-07-19,2024-07-19,online,MTGO Challenge (2024-07-19),Challenge,19 July _24 Pauper Challenge 32 Matchups.xlsx,2024/July _24/19 July _24 Pauper Challenge 32 Matchups.xlsx,66,66,397,198,196,2,0,3,0
online-challenge-2024-07-20,2024-07-20,online,MTGO Challenge (2024-07-20),Challenge,20 July _24 Pauper Challenge 32 Matchups.xlsx,2024/July _24/20 July _24 Pauper Challenge 32 Matchups.xlsx,59,59,317,157,157,0,0,3,0
online-showcase-2024-07-20,2024-07-20,online,MTGO Showcase (2024-07-20),Showcase,20 July _24 Pauper Showcase Matchups.xlsx,2024/July _24/20 July _24 Pauper Showcase Matchups.xlsx,29,29,153,75,75,0,0,3,0
online-challenge-64-2024-07-21,2024-07-21,online,MTGO Challenge 64 (2024-07-21),Challenge 64,21 July _24 Pauper Challenge 64 Matchups.xlsx,2024/July _24/21 July _24 Pauper Challenge 64 Matchups.xlsx,75,75,448,222,222,0,0,4,0
online-challenge-2024-07-26,2024-07-26,online,MTGO Challenge (2024-07-26),Challenge,26 July _24 Pauper Challenge 32 Matchups.xlsx,2024/July _24/26 July _24 Pauper Challenge 32 Matchups.xlsx,52,52,295,146,146,0,0,3,0
online-challenge-2024-07-27,2024-07-27,online,MTGO Challenge (2024-07-27),Challenge,27 July _24 Pauper Challenge 32 Matchups.xlsx,2024/July _24/27 July _24 Pauper Challenge 32 Matchups.xlsx,47,47,276,136,136,0,0,4,0
online-challenge-2024-07-28,2024-07-28,online,MTGO Challenge (2024-07-28),Challenge,28 July _24 Pauper Challenge 32 Matchups.xlsx,2024/July _24/28 July _24 Pauper Challenge 32 Matchups.xlsx,64,64,332,165,165,0,0,2,0
online-challenge-2024-08-02,2024-08-02,online,MTGO Challenge (2024-08-02),Challenge,2 August _24 Pauper Challenge 32 Matchups.xlsx,2024/August _24/2 August _24 Pauper Challenge 32 Matchups.xlsx,58,58,321,160,160,0,0,1,0
online-challenge-2024-08-03,2024-08-03,online,MTGO Challenge (2024-08-03),Challenge,3 August _24 Pauper Challenge 32 Matchups.xlsx,2024/August _24/3 August _24 Pauper Challenge 32 Matchups.xlsx,53,53,300,150,148,2,0,2,0
online-challenge-2024-08-04,2024-08-04,online,MTGO Challenge (2024-08-04),Challenge,4 August _24 Pauper Challenge 32 Matchups.xlsx,2024/August _24/4 August _24 Pauper Challenge 32 Matchups.xlsx,61,61,331,164,164,0,0,3,0
online-challenge-2024-08-09,2024-08-09,online,MTGO Challenge (2024-08-09),Challenge,9 August _24 Pauper Challenge 32 Matchups.xlsx,2024/August _24/9 August _24 Pauper Challenge 32 Matchups.xlsx,59,59,331,163,163,0,0,5,0
online-challenge-2024-08-10,2024-08-10,online,MTGO Challenge (2024-08-10),Challenge,10 August _24 Pauper Challenge 32 Matchups.xlsx,2024/August _24/10 August _24 Pauper Challenge 32 Matchups.xlsx,55,55,321,158,158,0,0,5,0
online-challenge-2024-08-11,2024-08-11,online,MTGO Challenge (2024-08-11),Challenge,11 August _24 Pauper Challenge 32 Matchups.xlsx,2024/August _24/11 August _24 Pauper Challenge 32 Matchups.xlsx,68,68,410,205,205,0,0,0,0
online-challenge-2024-08-16,2024-08-16,online,MTGO Challenge (2024-08-16),Challenge,16 August _24 Pauper Challenge 32 Matchups.xlsx,2024/August _24/16 August _24 Pauper Challenge 32 Matchups.xlsx,61,61,329,162,162,0,0,5,0
online-challenge-2024-08-17,2024-08-17,online,MTGO Challenge (2024-08-17),Challenge,17 August _24 Pauper Challenge 32 Matchups.xlsx,2024/August _24/17 August _24 Pauper Challenge 32 Matchups.xlsx,48,48,0,0,0,0,0,0,0
online-challenge-2024-08-18,2024-08-18,online,MTGO Challenge (2024-08-18),Challenge,18 August _24 Pauper Challenge 32 Matchups.xlsx,2024/August _24/18 August _24 Pauper Challenge 32 Matchups.xlsx,75,75,445,221,221,0,0,3,0
online-challenge-2024-08-23,2024-08-23,online,MTGO Challenge (2024-08-23),Challenge,23 August _24 Pauper Challenge 32 Matchups.xlsx,2024/August _24/23 August _24 Pauper Challenge 32 Matchups.xlsx,56,56,320,160,155,4,1,4,0
online-challenge-2024-08-24,2024-08-24,online,MTGO Challenge (2024-08-24),Challenge,24 August _24 Pauper Challenge 32 Matchups.xlsx,2024/August _24/24 August _24 Pauper Challenge 32 Matchups.xlsx,53,53,302,149,148,0,1,4,0
online-challenge-2024-08-25,2024-08-25,online,MTGO Challenge (2024-08-25),Challenge,25 August _24 Pauper Challenge 32 Matchups.xlsx,2024/August _24/25 August _24 Pauper Challenge 32 Matchups.xlsx,67,67,400,197,197,0,0,6,0
online-challenge-2024-08-30,2024-08-30,online,MTGO Challenge (2024-08-30),Challenge,30 August _24 Pauper Challenge 32 Matchups.xlsx,2024/August _24/30 August _24 Pauper Challenge 32 Matchups.xlsx,57,57,313,155,155,0,0,3,0
online-challenge-2024-08-31,2024-08-31,online,MTGO Challenge (2024-08-31),Challenge,31 August _24 Pauper Challenge 32 Matchups.xlsx,2024/August _24/31 August _24 Pauper Challenge 32 Matchups.xlsx,47,47,268,132,132,0,0,4,0
online-challenge-2024-09-01,2024-09-01,online,MTGO Challenge (2024-09-01),Challenge,1 September _24 Pauper Challenge 32 Matchups.xlsx,2024/September _24/1 September _24 Pauper Challenge 32 Matchups.xlsx,54,54,309,154,154,0,0,1,0
online-challenge-2024-09-06,2024-09-06,online,MTGO Challenge (2024-09-06),Challenge,6 September _24 Pauper Challenge 32 Matchups.xlsx,2024/September _24/6 September _24 Pauper Challenge 32 Matchups.xlsx,56,56,319,158,158,0,0,3,0
online-challenge-2024-09-07,2024-09-07,online,MTGO Challenge (2024-09-07),Challenge,7 September _24 Pauper Challenge 32 Matchups.xlsx,2024/September _24/7 September _24 Pauper Challenge 32 Matchups.xlsx,49,49,275,135,135,0,0,5,0
online-challenge-2024-09-08,2024-09-08,online,MTGO Challenge (2024-09-08),Challenge,8 September _24 Pauper Challenge 32 Matchups.xlsx,2024/September _24/8 September _24 Pauper Challenge 32 Matchups.xlsx,68,68,405,201,200,0,1,3,0
online-challenge-2024-09-13,2024-09-13,online,MTGO Challenge (2024-09-13),Challenge,13 September _24 Pauper Challenge 32 Matchups.xlsx,2024/September _24/13 September _24 Pauper Challenge 32 Matchups.xlsx,56,56,316,158,158,0,0,0,0
online-challenge-2024-09-14,2024-09-14,online,MTGO Challenge (2024-09-14),Challenge,14 September _24 Pauper Challenge 32 Matchups.xlsx,2024/September _24/14 September _24 Pauper Challenge 32 Matchups.xlsx,56,56,304,151,151,0,0,2,0
online-challenge-2024-09-15,2024-09-15,online,MTGO Challenge (2024-09-15),Challenge,15 September _24 Pauper Challenge 32 Matchups.xlsx,2024/September _24/15 September _24 Pauper Challenge 32 Matchups.xlsx,59,59,325,160,159,0,1,5,0
online-challenge-2024-09-20,2024-09-20,online,MTGO Challenge (2024-09-20),Challenge,20 September _24 Pauper Challenge 32 Matchups.xlsx,2024/September _24/20 September _24 Pauper Challenge 32 Matchups.xlsx,35,35,211,103,103,0,0,5,0
online-challenge-2024-09-21,2024-09-21,online,MTGO Challenge (2024-09-21),Challenge,21 September _24 Pauper Challenge 32 Matchups.xlsx,2024/September _24/21 September _24 Pauper Challenge 32 Matchups.xlsx,51,51,272,134,133,0,1,4,0
online-challenge-2024-09-22,2024-09-22,online,MTGO Challenge (2024-09-22),Challenge,22 September _24 Pauper Challenge 32 Matchups (NO MATCHUPS).xlsx,2024/September _24/22 September _24 Pauper Challenge 32 Matchups (NO MATCHUPS).xlsx,55,55,0,0,0,0,0,0,0
online-challenge-2024-09-27,2024-09-27,online,MTGO Challenge (2024-09-27),Challenge,27 September _24 Pauper Challenge 32 Matchups.xlsx,2024/September _24/27 September _24 Pauper Challenge 32 Matchups.xlsx,36,36,210,104,104,0,0,2,0
online-challenge-2024-09-28,2024-09-28,online,MTGO Challenge (2024-09-28),Challenge,28 September _24 Pauper Challenge 32 Matchups.xlsx,2024/September _24/28 September _24 Pauper Challenge 32 Matchups.xlsx,38,38,209,103,101,2,0,5,0
online-challenge-2024-09-29,2024-09-29,online,MTGO Challenge (2024-09-29),Challenge,29 September _24 Pauper Challenge 32 Matchups.xlsx,2024/September _24/29 September _24 Pauper Challenge 32 Matchups.xlsx,53,53,268,132,132,0,0,4,0
online-challenge-2024-10-04,2024-10-04,online,MTGO Challenge (2024-10-04),Challenge,4 October _24 Pauper Challenge 32 Matchups.xlsx,2024/October _24/4 October _24 Pauper Challenge 32 Matchups.xlsx,48,48,264,131,131,0,0,2,0
online-challenge-2024-10-05,2024-10-05,online,MTGO Challenge (2024-10-05),Challenge,5 October _24 Pauper Challenge 32 Matchups.xlsx,2024/October _24/5 October _24 Pauper Challenge 32 Matchups.xlsx,48,48,273,136,136,0,0,1,0
online-challenge-2024-10-06,2024-10-06,online,MTGO Challenge (2024-10-06),Challenge,6 October _24 Pauper Challenge 32 Matchups.xlsx,2024/October _24/6 October _24 Pauper Challenge 32 Matchups.xlsx,62,62,319,158,158,0,0,3,0
online-challenge-2024-10-11,2024-10-11,online,MTGO Challenge (2024-10-11),Challenge,11 October _24 Pauper Challenge 32 Matchups.xlsx,2024/October _24/11 October _24 Pauper Challenge 32 Matchups.xlsx,48,48,255,125,125,0,0,5,0
online-challenge-2024-10-12,2024-10-12,online,MTGO Challenge (2024-10-12),Challenge,12 October _24 Pauper Challenge 32 Matchups.xlsx,2024/October _24/12 October _24 Pauper Challenge 32 Matchups.xlsx,42,42,233,145,85,60,0,3,0
online-qualifier-2024-10-12,2024-10-12,online,MTGO Qualifier (2024-10-12),Qualifier,12 October _24 Pauper Qualifier Matchups.xlsx,2024/October _24/12 October _24 Pauper Qualifier Matchups.xlsx,198,198,1092,545,541,0,4,2,0
online-challenge-2024-10-13,2024-10-13,online,MTGO Challenge (2024-10-13),Challenge,13 October _24 Pauper Challenge 32 Matchups.xlsx,2024/October _24/13 October _24 Pauper Challenge 32 Matchups.xlsx,64,64,329,163,163,0,0,3,0
online-challenge-2024-10-18,2024-10-18,online,MTGO Challenge (2024-10-18),Challenge,18 October _24 Pauper Challenge 32 Matchups.xlsx,2024/October _24/18 October _24 Pauper Challenge 32 Matchups.xlsx,41,41,224,111,111,0,0,2,0
online-challenge-2024-10-19,2024-10-19,online,MTGO Challenge (2024-10-19),Challenge,19 October _24 Pauper Challenge 32 Matchups.xlsx,2024/October _24/19 October _24 Pauper Challenge 32 Matchups.xlsx,46,46,266,131,131,0,0,4,0
online-challenge-2024-10-20,2024-10-20,online,MTGO Challenge (2024-10-20),Challenge,20 October _24 Pauper Challenge 32 Matchups.xlsx,2024/October _24/20 October _24 Pauper Challenge 32 Matchups.xlsx,65,65,367,182,181,0,1,3,0
online-challenge-2024-10-25,2024-10-25,online,MTGO Challenge (2024-10-25),Challenge,25 October _24 Pauper Challenge 32 Matchups.xlsx,2024/October _24/25 October _24 Pauper Challenge 32 Matchups.xlsx,48,48,259,128,128,0,0,3,0
online-challenge-2024-10-26,2024-10-26,online,MTGO Challenge (2024-10-26),Challenge,26 October _24 Pauper Challenge 32 Matchups.xlsx,2024/October _24/26 October _24 Pauper Challenge 32 Matchups.xlsx,47,47,257,127,127,0,0,3,0
online-challenge-2024-10-27,2024-10-27,online,MTGO Challenge (2024-10-27),Challenge,27 October _24 Pauper Challenge 32 Matchups.xlsx,2024/October _24/27 October _24 Pauper Challenge 32 Matchups.xlsx,50,50,276,136,136,0,0,4,0
online-challenge-2024-11-01,2024-11-01,online,MTGO Challenge (2024-11-01),Challenge,1 November _24 Pauper Challenge 32 Matchups.xlsx,2024/November _24/1 November _24 Pauper Challenge 32 Matchups.xlsx,59,59,319,157,157,0,0,5,0
online-challenge-2024-11-02,2024-11-02,online,MTGO Challenge (2024-11-02),Challenge,2 November _24 Pauper Challenge 32 Matchups.xlsx,2024/November _24/2 November _24 Pauper Challenge 32 Matchups.xlsx,46,46,254,125,124,0,1,4,0
online-challenge-2024-11-03,2024-11-03,online,MTGO Challenge (2024-11-03),Challenge,3 November _24 Pauper Challenge 32 Matchups.xlsx,2024/November _24/3 November _24 Pauper Challenge 32 Matchups.xlsx,68,68,396,197,197,0,0,2,0
online-challenge-2024-11-08,2024-11-08,online,MTGO Challenge (2024-11-08),Challenge,8 November _24 Pauper Challenge 32 Matchups.xlsx,2024/November _24/8 November _24 Pauper Challenge 32 Matchups.xlsx,47,47,264,130,130,0,0,4,0
online-challenge-2024-11-09,2024-11-09,online,MTGO Challenge (2024-11-09),Challenge,9 November _24 Pauper Challenge 32 Matchups.xlsx,2024/November _24/9 November _24 Pauper Challenge 32 Matchups.xlsx,32,32,168,84,84,0,0,0,0
online-challenge-2024-11-10,2024-11-10,online,MTGO Challenge (2024-11-10),Challenge,10 November _24 Pauper Challenge 32 Matchups.xlsx,2024/November _24/10 November _24 Pauper Challenge 32 Matchups.xlsx,58,58,316,157,157,0,0,2,0
online-challenge-2024-11-15,2024-11-15,online,MTGO Challenge (2024-11-15),Challenge,15 November _24 Pauper Challenge 32 Matchups.xlsx,2024/November _24/15 November _24 Pauper Challenge 32 Matchups.xlsx,46,46,255,126,126,0,0,3,0
online-challenge-2024-11-16,2024-11-16,online,MTGO Challenge (2024-11-16),Challenge,16 November _24 Pauper Challenge 32 Matchups.xlsx,2024/November _24/16 November _24 Pauper Challenge 32 Matchups.xlsx,48,48,266,133,131,2,0,2,0
online-challenge-2024-11-17,2024-11-17,online,MTGO Challenge (2024-11-17),Challenge,17 November _24 Pauper Challenge 32 Matchups.xlsx,2024/November _24/17 November _24 Pauper Challenge 32 Matchups.xlsx,65,65,370,184,184,0,0,2,0
online-challenge-2024-11-22,2024-11-22,online,MTGO Challenge (2024-11-22),Challenge,22 November _24 Pauper Challenge 32 Matchups.xlsx,2024/November _24/22 November _24 Pauper Challenge 32 Matchups.xlsx,47,47,267,131,131,0,0,5,0
online-challenge-2024-11-23,2024-11-23,online,MTGO Challenge (2024-11-23),Challenge,23 November _24 Pauper Challenge 32 Matchups.xlsx,2024/November _24/23 November _24 Pauper Challenge 32 Matchups.xlsx,45,45,259,127,127,0,0,5,0
online-challenge-2024-11-24,2024-11-24,online,MTGO Challenge (2024-11-24),Challenge,24 November _24 Pauper Challenge 32 Matchups.xlsx,2024/November _24/24 November _24 Pauper Challenge 32 Matchups.xlsx,65,65,382,189,189,0,0,4,0
online-challenge-2024-11-29,2024-11-29,online,MTGO Challenge (2024-11-29),Challenge,29 November _24 Pauper Challenge 32 Matchups.xlsx,2024/November _24/29 November _24 Pauper Challenge 32 Matchups.xlsx,40,40,224,111,111,0,0,2,0
online-challenge-2024-11-30,2024-11-30,online,MTGO Challenge (2024-11-30),Challenge,30 November _24 Pauper Challenge 32 Matchups.xlsx,2024/November _24/30 November _24 Pauper Challenge 32 Matchups.xlsx,41,41,230,114,114,0,0,2,0
online-challenge-2024-12-01,2024-12-01,online,MTGO Challenge (2024-12-01),Challenge,1 December _24 Pauper Challenge 32 Matchups.xlsx,2024/December _24/1 December _24 Pauper Challenge 32 Matchups.xlsx,56,56,296,147,147,0,0,2,0
online-challenge-2024-12-06,2024-12-06,online,MTGO Challenge (2024-12-06),Challenge,6 December _24 Pauper Challenge 32 Matchups.xlsx,2024/December _24/6 December _24 Pauper Challenge 32 Matchups.xlsx,54,54,293,146,146,0,0,1,0
online-challenge-2024-12-07,2024-12-07,online,MTGO Challenge (2024-12-07),Challenge,7 December _24 Pauper Challenge 32 Matchups.xlsx,2024/December _24/7 December _24 Pauper Challenge 32 Matchups.xlsx,37,37,217,106,106,0,0,5,0
online-challenge-2024-12-08,2024-12-08,online,MTGO Challenge (2024-12-08),Challenge,8 December _24 Pauper Challenge 32 Matchups.xlsx,2024/December _24/8 December _24 Pauper Challenge 32 Matchups.xlsx,57,57,293,144,144,0,0,5,0
online-challenge-2024-12-13,2024-12-13,online,MTGO Challenge (2024-12-13),Challenge,13 December _24 Pauper Challenge 32 Matchups.xlsx,2024/December _24/13 December _24 Pauper Challenge 32 Matchups.xlsx,43,43,236,117,117,0,0,2,0
online-challenge-2024-12-14,2024-12-14,online,MTGO Challenge (2024-12-14),Challenge,14 December _24 Pauper Challenge 32 Matchups.xlsx,2024/December _24/14 December _24 Pauper Challenge 32 Matchups.xlsx,45,45,258,128,128,0,0,2,0
online-challenge-2024-12-15,2024-12-15,online,MTGO Challenge (2024-12-15),Challenge,15 December _24 Pauper Challenge 32 Matchups.xlsx,2024/December _24/15 December _24 Pauper Challenge 32 Matchups.xlsx,45,45,256,126,125,0,1,4,0
online-challenge-2024-12-20,2024-12-20,online,MTGO Challenge (2024-12-20),Challenge,20 December _24 Pauper Challenge 32 Matchups.xlsx,2024/December _24/20 December _24 Pauper Challenge 32 Matchups.xlsx,43,43,244,120,120,0,0,4,0
online-challenge-2024-12-21,2024-12-21,online,MTGO Challenge (2024-12-21),Challenge,21 December _24 Pauper Challenge 32 Matchups.xlsx,2024/December _24/21 December _24 Pauper Challenge 32 Matchups.xlsx,43,43,250,123,123,0,0,4,0
online-challenge-2024-12-22,2024-12-22,online,MTGO Challenge (2024-12-22),Challenge,22 December _24 Pauper Challenge 32 Matchups.xlsx,2024/December _24/22 December _24 Pauper Challenge 32 Matchups.xlsx,66,66,360,178,178,0,0,4,0
online-challenge-2024-12-27,2024-12-27,online,MTGO Challenge (2024-12-27),Challenge,27 December _24 Pauper Challenge 32 Matchups.xlsx,2024/December _24/27 December _24 Pauper Challenge 32 Matchups.xlsx,51,51,283,139,139,0,0,5,0
online-challenge-2024-12-29,2024-12-29,online,MTGO Challenge (2024-12-29),Challenge,29 December _24 Pauper Challenge 32 Matchups.xlsx,2024/December _24/29 December _24 Pauper Challenge 32 Matchups.xlsx,60,60,319,158,158,0,0,3,0
online-challenge-2025-01-03,2025-01-03,online,MTGO Challenge (2025-01-03),Challenge,3 January _25 Pauper Challenge 32 Matchups.xlsx,2025/01 - January/3 January _25 Pauper Challenge 32 Matchups.xlsx,56,56,298,147,147,0,0,4,0
online-challenge-2025-01-04,2025-01-04,online,MTGO Challenge (2025-01-04),Challenge,4 January _25 Pauper Challenge 32 Matchups.xlsx,2025/01 - January/4 January _25 Pauper Challenge 32 Matchups.xlsx,51,51,277,138,138,0,0,1,0
online-challenge-2025-01-05,2025-01-05,online,MTGO Challenge (2025-01-05),Challenge,5 January _25 Pauper Challenge 32 Matchups.xlsx,2025/01 - January/5 January _25 Pauper Challenge 32 Matchups.xlsx,68,68,401,199,199,0,0,3,0
online-challenge-2025-01-10,2025-01-10,online,MTGO Challenge (2025-01-10),Challenge,10 January _25 Pauper Challenge 32 Matchups.xlsx,2025/01 - January/10 January _25 Pauper Challenge 32 Matchups.xlsx,43,43,230,113,113,0,0,4,0
online-challenge-2025-01-12,2025-01-12,online,MTGO Challenge (2025-01-12),Challenge,12 January _25 Pauper Challenge 32 Matchups.xlsx,2025/01 - January/12 January _25 Pauper Challenge 32 Matchups.xlsx,52,52,279,139,138,0,1,1,0
online-challenge-2025-01-17,2025-01-17,online,MTGO Challenge (2025-01-17),Challenge,17 January _25 Pauper Challenge 32 Matchups.xlsx,2025/01 - January/17 January _25 Pauper Challenge 32 Matchups.xlsx,50,50,281,140,140,0,0,1,0
online-challenge-2025-01-18,2025-01-18,online,MTGO Challenge (2025-01-18),Challenge,18 January _25 Pauper Challenge 32 Matchups.xlsx,2025/01 - January/18 January _25 Pauper Challenge 32 Matchups.xlsx,50,50,282,140,140,0,0,2,0
online-challenge-2025-01-19,2025-01-19,online,MTGO Challenge (2025-01-19),Challenge,19 January _25 Pauper Challenge 32 Matchups.xlsx,2025/01 - January/19 January _25 Pauper Challenge 32 Matchups.xlsx,63,63,316,156,156,0,0,4,0
online-challenge-2025-01-24,2025-01-24,online,MTGO Challenge (2025-01-24),Challenge,24 January _25 Pauper Challenge 32 Matchups.xlsx,2025/01 - January/24 January _25 Pauper Challenge 32 Matchups.xlsx,45,45,250,123,123,0,0,4,0
online-challenge-2025-01-25,2025-01-25,online,MTGO Challenge (2025-01-25),Challenge,25 January _25 Pauper Challenge 32 Matchups.xlsx,2025/01 - January/25 January _25 Pauper Challenge 32 Matchups.xlsx,40,40,235,117,117,0,0,1,0
online-challenge-2025-01-26,2025-01-26,online,MTGO Challenge (2025-01-26),Challenge,26 January _25 Pauper Challenge 32 Matchups.xlsx,2025/01 - January/26 January _25 Pauper Challenge 32 Matchups.xlsx,58,58,313,155,155,0,0,3,0
online-challenge-2025-01-31,2025-01-31,online,MTGO Challenge (2025-01-31),Challenge,31 January _25 Pauper Challenge 32 Matchups.xlsx,2025/01 - January/31 January _25 Pauper Challenge 32 Matchups.xlsx,49,49,281,138,135,0,3,5,0
online-challenge-2025-02-01,2025-02-01,online,MTGO Challenge (2025-02-01),Challenge,1 February _25 Pauper Challenge 32 Matchups.xlsx,2025/02 - February/1 February _25 Pauper Challenge 32 Matchups.xlsx,39,39,231,114,114,0,0,3,0
online-challenge-2025-02-02,2025-02-02,online,MTGO Challenge (2025-02-02),Challenge,2 February _25 Pauper Challenge 32 Matchups.xlsx,2025/02 - February/2 February _25 Pauper Challenge 32 Matchups.xlsx,61,61,320,158,158,0,0,4,0
online-challenge-2025-02-07,2025-02-07,online,MTGO Challenge (2025-02-07),Challenge,7 February _25 Pauper Challenge 32 Matchups.xlsx,2025/02 - February/7 February _25 Pauper Challenge 32 Matchups.xlsx,56,56,288,143,143,0,0,2,0
online-challenge-2025-02-08,2025-02-08,online,MTGO Challenge (2025-02-08),Challenge,8 February _25 Pauper Challenge 32 Matchups.xlsx,2025/02 - February/8 February _25 Pauper Challenge 32 Matchups.xlsx,44,44,238,119,119,0,0,0,0
online-challenge-2025-02-09,2025-02-09,online,MTGO Challenge (2025-02-09),Challenge,9 February _25 Pauper Challenge 32 Matchups.xlsx,2025/02 - February/9 February _25 Pauper Challenge 32 Matchups.xlsx,47,47,243,120,120,0,0,3,0
online-challenge-2025-02-14,2025-02-14,online,MTGO Challenge (2025-02-14),Challenge,14 February _25 Pauper Challenge 32 Matchups.xlsx,2025/02 - February/14 February _25 Pauper Challenge 32 Matchups.xlsx,43,43,246,122,122,0,0,2,0
online-challenge-2025-02-15,2025-02-15,online,MTGO Challenge (2025-02-15),Challenge,15 February _25 Pauper Challenge 32 Matchups.xlsx,2025/02 - February/15 February _25 Pauper Challenge 32 Matchups.xlsx,45,45,258,128,128,0,0,2,0
online-challenge-2025-02-16,2025-02-16,online,MTGO Challenge (2025-02-16),Challenge,16 February _25 Pauper Challenge 32 Matchups.xlsx,2025/02 - February/16 February _25 Pauper Challenge 32 Matchups.xlsx,59,59,310,153,153,0,0,4,0
online-challenge-2025-02-21,2025-02-21,online,MTGO Challenge (2025-02-21),Challenge,21 February _25 Pauper Challenge 32 Matchups.xlsx,2025/02 - February/21 February _25 Pauper Challenge 32 Matchups.xlsx,53,53,284,141,141,0,0,2,0
online-challenge-2025-02-22,2025-02-22,online,MTGO Challenge (2025-02-22),Challenge,22 February _25 Pauper Challenge 32 Matchups.xlsx,2025/02 - February/22 February _25 Pauper Challenge 32 Matchups.xlsx,38,38,227,113,113,0,0,1,0
online-qualifier-2025-02-22,2025-02-22,online,MTGO Qualifier (2025-02-22),Qualifier,22 February _25 Pauper Qualifier Matchups.xlsx,2025/02 - February/22 February _25 Pauper Qualifier Matchups.xlsx,157,157,939,468,468,0,0,3,0
online-challenge-2025-02-23,2025-02-23,online,MTGO Challenge (2025-02-23),Challenge,23 February _25 Pauper Challenge 32 Matchups.xlsx,2025/02 - February/23 February _25 Pauper Challenge 32 Matchups.xlsx,60,60,323,160,160,0,0,2,1
online-challenge-2025-02-28,2025-02-28,online,MTGO Challenge (2025-02-28),Challenge,28 February _25 Pauper Challenge 32 Matchups.xlsx,2025/02 - February/28 February _25 Pauper Challenge 32 Matchups.xlsx,56,56,287,142,142,0,0,3,0
online-challenge-2025-03-01,2025-03-01,online,MTGO Challenge (2025-03-01),Challenge,1 March _25 Pauper Challenge 32 Matchups.xlsx,2025/03 - March/1 March _25 Pauper Challenge 32 Matchups.xlsx,52,52,296,146,145,0,1,4,0
online-challenge-2025-03-02,2025-03-02,online,MTGO Challenge (2025-03-02),Challenge,2 March _25 Pauper Challenge 32 Matchups.xlsx,2025/03 - March/2 March _25 Pauper Challenge 32 Matchups.xlsx,65,65,380,188,188,0,0,4,0
online-challenge-2025-03-07,2025-03-07,online,MTGO Challenge (2025-03-07),Challenge,7 March _25 Pauper Challenge 32 Matchups.xlsx,2025/03 - March/7 March _25 Pauper Challenge 32 Matchups.xlsx,54,54,295,146,146,0,0,3,0
online-challenge-2025-03-08,2025-03-08,online,MTGO Challenge (2025-03-08),Challenge,8 March _25 Pauper Challenge 32 Matchups.xlsx,2025/03 - March/8 March _25 Pauper Challenge 32 Matchups.xlsx,58,58,312,155,155,0,0,2,0
online-challenge-2025-03-09,2025-03-09,online,MTGO Challenge (2025-03-09),Challenge,9 March _25 Pauper Challenge 32 Matchups.xlsx,2025/03 - March/9 March _25 Pauper Challenge 32 Matchups.xlsx,57,57,296,146,146,0,0,4,0
online-challenge-2025-03-14,2025-03-14,online,MTGO Challenge (2025-03-14),Challenge,14 March _25 Pauper Challenge 32 Matchups.xlsx,2025/03 - March/14 March _25 Pauper Challenge 32 Matchups.xlsx,42,42,232,115,115,0,0,2,0
online-challenge-2025-03-15,2025-03-15,online,MTGO Challenge (2025-03-15),Challenge,15 March _25 Pauper Challenge 32 Matchups.xlsx,2025/03 - March/15 March _25 Pauper Challenge 32 Matchups.xlsx,54,54,309,153,153,0,0,3,0
online-challenge-2025-03-16,2025-03-16,online,MTGO Challenge (2025-03-16),Challenge,16 March _25 Pauper Challenge 32 Matchups.xlsx,2025/03 - March/16 March _25 Pauper Challenge 32 Matchups.xlsx,61,61,315,155,155,0,0,5,0
online-challenge-2025-03-21,2025-03-21,online,MTGO Challenge (2025-03-21),Challenge,21 March _25 Pauper Challenge 32 Matchups.xlsx,2025/03 - March/21 March _25 Pauper Challenge 32 Matchups.xlsx,51,51,275,136,136,0,0,3,0
online-challenge-2025-03-22,2025-03-22,online,MTGO Challenge (2025-03-22),Challenge,22 March _25 Pauper Challenge 32 Matchups.xlsx,2025/03 - March/22 March _25 Pauper Challenge 32 Matchups.xlsx,43,43,252,126,123,3,0,3,0
online-challenge-2025-03-23,2025-03-23,online,MTGO Challenge (2025-03-23),Challenge,23 March _25 Pauper Challenge 32 Matchups.xlsx,2025/03 - March/23 March _25 Pauper Challenge 32 Matchups.xlsx,57,57,306,152,152,0,0,2,0
online-challenge-2025-03-28,2025-03-28,online,MTGO Challenge (2025-03-28),Challenge,28 March _25 Pauper Challenge 32 Matchups.xlsx,2025/03 - March/28 March _25 Pauper Challenge 32 Matchups.xlsx,55,55,296,146,146,0,0,4,0
online-challenge-2025-03-29,2025-03-29,online,MTGO Challenge (2025-03-29),Challenge,29 March _25 Pauper Challenge 32 Matchups.xlsx,2025/03 - March/29 March _25 Pauper Challenge 32 Matchups.xlsx,47,47,266,131,131,0,0,4,0
online-challenge-2025-03-30,2025-03-30,online,MTGO Challenge (2025-03-30),Challenge,30 March _25 Pauper Challenge 32 Matchups.xlsx,2025/03 - March/30 March _25 Pauper Challenge 32 Matchups.xlsx,75,75,435,216,216,0,0,3,0
online-challenge-2025-04-04,2025-04-04,online,MTGO Challenge (2025-04-04),Challenge,4 April _25 Pauper Challenge 32 Matchups.xlsx,2025/04 - April/4 April _25 Pauper Challenge 32 Matchups.xlsx,55,55,285,141,141,0,0,3,0
online-challenge-2025-04-05,2025-04-05,online,MTGO Challenge (2025-04-05),Challenge,5 April _25 Pauper Challenge 32 Matchups.xlsx,2025/04 - April/5 April _25 Pauper Challenge 32 Matchups.xlsx,63,63,333,165,165,0,0,3,0
online-challenge-2025-04-06,2025-04-06,online,MTGO Challenge (2025-04-06),Challenge,6 April _25 Pauper Challenge 32 Matchups.xlsx,2025/04 - April/6 April _25 Pauper Challenge 32 Matchups.xlsx,77,77,425,211,211,0,0,3,0
online-challenge-2025-04-11,2025-04-11,online,MTGO Challenge (2025-04-11),Challenge,11 April _25 Pauper Challenge 32 Matchups.xlsx,2025/04 - April/11 April _25 Pauper Challenge 32 Matchups.xlsx,53,53,289,143,143,0,0,3,0
online-challenge-2025-04-12,2025-04-12,online,MTGO Challenge (2025-04-12),Challenge,12 April _25 Pauper Challenge 32 Matchups.xlsx,2025/04 - April/12 April _25 Pauper Challenge 32 Matchups.xlsx,51,51,278,137,137,0,0,4,0
online-challenge-2025-04-18,2025-04-18,online,MTGO Challenge (2025-04-18),Challenge,18 April _25 Pauper Challenge 32 Matchups.xlsx,2025/04 - April/18 April _25 Pauper Challenge 32 Matchups.xlsx,65,65,390,192,192,0,0,6,0
online-challenge-2025-04-19,2025-04-19,online,MTGO Challenge (2025-04-19),Challenge,19 April _25 Pauper Challenge 32 Matchups.xlsx,2025/04 - April/19 April _25 Pauper Challenge 32 Matchups.xlsx,45,45,235,115,115,0,0,5,0
online-challenge-2025-04-20,2025-04-20,online,MTGO Challenge (2025-04-20),Challenge,20 April _25 Pauper Challenge 32 Matchups.xlsx,2025/04 - April/20 April _25 Pauper Challenge 32 Matchups.xlsx,68,68,405,202,202,0,0,1,0
online-challenge-2025-04-25,2025-04-25,online,MTGO Challenge (2025-04-25),Challenge,25 April _25 Pauper Challenge 32 Matchups.xlsx,2025/04 - April/25 April _25 Pauper Challenge 32 Matchups.xlsx,66,66,378,187,187,0,0,4,0
online-challenge-2025-04-26,2025-04-26,online,MTGO Challenge (2025-04-26),Challenge,26 April _25 Pauper Challenge 32 Matchups.xlsx,2025/04 - April/26 April _25 Pauper Challenge 32 Matchups.xlsx,43,43,253,125,125,0,0,3,0
online-challenge-2025-04-27,2025-04-27,online,MTGO Challenge (2025-04-27),Challenge,27 April _25 Pauper Challenge 32 Matchups.xlsx,2025/04 - April/27 April _25 Pauper Challenge 32 Matchups.xlsx,78,78,442,219,219,0,0,4,0
online-challenge-2025-05-02,2025-05-02,online,MTGO Challenge (2025-05-02),Challenge,2 May _25 Pauper Challenge 32 Matchups.xlsx,2025/05 - May/2 May _25 Pauper Challenge 32 Matchups.xlsx,51,51,294,145,145,0,0,4,0
online-challenge-2025-05-03,2025-05-03,online,MTGO Challenge (2025-05-03),Challenge,3 May _25 Pauper Challenge 32 Matchups.xlsx,2025/05 - May/3 May _25 Pauper Challenge 32 Matchups.xlsx,45,45,254,126,126,0,0,2,0
online-challenge-2025-05-04,2025-05-04,online,MTGO Challenge (2025-05-04),Challenge,4 May _25 Pauper Challenge 32 Matchups.xlsx,2025/05 - May/4 May _25 Pauper Challenge 32 Matchups.xlsx,66,66,393,195,195,0,0,3,0
online-challenge-2025-05-09,2025-05-09,online,MTGO Challenge (2025-05-09),Challenge,9 May _25 Pauper Challenge 32 Matchups.xlsx,2025/05 - May/9 May _25 Pauper Challenge 32 Matchups.xlsx,47,47,259,127,127,0,0,5,0
online-challenge-2025-05-10,2025-05-10,online,MTGO Challenge (2025-05-10),Challenge,10 May _25 Pauper Challenge 32 Matchups.xlsx,2025/05 - May/10 May _25 Pauper Challenge 32 Matchups.xlsx,43,43,250,123,123,0,0,4,0
online-challenge-2025-05-11,2025-05-11,online,MTGO Challenge (2025-05-11),Challenge,11 May _25 Pauper Challenge 32 Matchups.xlsx,2025/05 - May/11 May _25 Pauper Challenge 32 Matchups.xlsx,64,64,327,162,162,0,0,3,0
online-challenge-2025-05-16,2025-05-16,online,MTGO Challenge (2025-05-16),Challenge,16 May _25 Pauper Challenge 32 Matchups.xlsx,2025/05 - May/16 May _25 Pauper Challenge 32 Matchups.xlsx,40,40,248,124,124,0,0,0,0
online-qualifier-2025-05-16,2025-05-16,online,MTGO Qualifier (2025-05-16),Qualifier,16 May _25 Pauper Qualifier Matchups.xlsx,2025/05 - May/16 May _25 Pauper Qualifier Matchups.xlsx,178,178,985,490,489,0,1,5,0
online-challenge-2025-05-17,2025-05-17,online,MTGO Challenge (2025-05-17),Challenge,17 May _25 Pauper Challenge 32 Matchups.xlsx,2025/05 - May/17 May _25 Pauper Challenge 32 Matchups.xlsx,47,47,260,128,127,0,1,4,0
online-challenge-2025-05-18,2025-05-18,online,MTGO Challenge (2025-05-18),Challenge,18 May _25 Pauper Challenge 32 Matchups.xlsx,2025/05 - May/18 May _25 Pauper Challenge 32 Matchups.xlsx,72,72,406,202,202,0,0,2,0
online-challenge-2025-05-23,2025-05-23,online,MTGO Challenge (2025-05-23),Challenge,23 May _25 Pauper Challenge 32 Matchups.xlsx,2025/05 - May/23 May _25 Pauper Challenge 32 Matchups.xlsx,44,44,252,125,125,0,0,2,0
online-challenge-2025-05-24,2025-05-24,online,MTGO Challenge (2025-05-24),Challenge,24 May _25 Pauper Challenge 32 Matchups.xlsx,2025/05 - May/24 May _25 Pauper Challenge 32 Matchups.xlsx,46,46,279,138,138,0,0,3,0
online-challenge-2025-05-25,2025-05-25,online,MTGO Challenge (2025-05-25),Challenge,25 May _25 Pauper Challenge 32 Matchups.xlsx,2025/05 - May/25 May _25 Pauper Challenge 32 Matchups.xlsx,71,71,414,205,201,0,4,4,0
online-challenge-2025-05-30,2025-05-30,online,MTGO Challenge (2025-05-30),Challenge,30 May _25 Pauper Challenge 32 Matchups.xlsx,2025/05 - May/30 May _25 Pauper Challenge 32 Matchups.xlsx,57,57,300,149,149,0,0,2,0
online-challenge-2025-05-31,2025-05-31,online,MTGO Challenge (2025-05-31),Challenge,31 May _25 Pauper Challenge 32 Matchups.xlsx,2025/05 - May/31 May _25 Pauper Challenge 32 Matchups.xlsx,59,59,318,157,157,0,0,4,0
online-challenge-2025-06-01,2025-06-01,online,MTGO Challenge (2025-06-01),Challenge,1 June _25 Pauper Challenge 32 Matchups.xlsx,2025/06 - June/1 June _25 Pauper Challenge 32 Matchups.xlsx,77,77,436,216,215,0,1,4,0
online-challenge-2025-06-06,2025-06-06,online,MTGO Challenge (2025-06-06),Challenge,6 June _25 Pauper Challenge 32 Matchups.xlsx,2025/06 - June/6 June _25 Pauper Challenge 32 Matchups.xlsx,67,67,388,191,190,0,1,6,0
online-challenge-2025-06-07,2025-06-07,online,MTGO Challenge (2025-06-07),Challenge,7 June _25 Pauper Challenge 32 Matchups.xlsx,2025/06 - June/7 June _25 Pauper Challenge 32 Matchups.xlsx,45,45,250,124,124,0,0,2,0
online-showcase-2025-06-07,2025-06-07,online,MTGO Showcase (2025-06-07),Showcase,7 June _25 Pauper Showcase Challenge Matchups.xlsx,2025/06 - June/7 June _25 Pauper Showcase Challenge Matchups.xlsx,230,230,1450,723,719,0,4,0,4
online-challenge-2025-06-08,2025-06-08,online,MTGO Challenge (2025-06-08),Challenge,8 June _25 Pauper Challenge 32 Matchups.xlsx,2025/06 - June/8 June _25 Pauper Challenge 32 Matchups.xlsx,71,71,424,209,206,0,3,6,0
online-challenge-2025-06-13,2025-06-13,online,MTGO Challenge (2025-06-13),Challenge,13 June _25 Pauper Challenge 32 Matchups.xlsx,2025/06 - June/13 June _25 Pauper Challenge 32 Matchups.xlsx,54,54,305,151,145,6,0,3,6
online-challenge-2025-06-14,2025-06-14,online,MTGO Challenge (2025-06-14),Challenge,14 June _25 Pauper Challenge 32 Matchups.xlsx,2025/06 - June/14 June _25 Pauper Challenge 32 Matchups.xlsx,42,42,240,118,118,0,0,4,0
online-challenge-2025-06-15,2025-06-15,online,MTGO Challenge (2025-06-15),Challenge,15 June _25 Pauper Challenge 32 Matchups.xlsx,2025/06 - June/15 June _25 Pauper Challenge 32 Matchups.xlsx,63,63,342,170,168,0,2,2,0
online-challenge-2025-06-20,2025-06-20,online,MTGO Challenge (2025-06-20),Challenge,20 June _25 Pauper Challenge 32 Matchups.xlsx,2025/06 - June/20 June _25 Pauper Challenge 32 Matchups.xlsx,57,57,314,155,155,0,0,4,0
online-challenge-2025-06-21,2025-06-21,online,MTGO Challenge (2025-06-21),Challenge,21 June _25 Pauper Challenge 32 Matchups.xlsx,2025/06 - June/21 June _25 Pauper Challenge 32 Matchups.xlsx,50,50,283,141,140,0,1,1,0
online-challenge-2025-06-22,2025-06-22,online,MTGO Challenge (2025-06-22),Challenge,22 June _25 Pauper Challenge 32 Matchups.xlsx,2025/06 - June/22 June _25 Pauper Challenge 32 Matchups.xlsx,72,72,436,216,216,0,0,4,0
online-challenge-2025-06-27,2025-06-27,online,MTGO Challenge (2025-06-27),Challenge,27 June _25 Pauper Challenge 32 Matchups.xlsx,2025/06 - June/27 June _25 Pauper Challenge 32 Matchups.xlsx,60,60,331,165,165,0,0,1,0
online-challenge-2025-06-28,2025-06-28,online,MTGO Challenge (2025-06-28),Challenge,28 June _25 Pauper Challenge 32 Matchups.xlsx,2025/06 - June/28 June _25 Pauper Challenge 32 Matchups.xlsx,51,51,287,142,142,0,0,3,0
online-challenge-2025-06-29,2025-06-29,online,MTGO Challenge (2025-06-29),Challenge,29 June _25 Pauper Challenge 32 Matchups.xlsx,2025/06 - June/29 June _25 Pauper Challenge 32 Matchups.xlsx,77,77,444,221,220,0,1,2,0
online-challenge-2025-07-04,2025-07-04,online,MTGO Challenge (2025-07-04),Challenge,4 July _25 Pauper Challenge 32 Matchups.xlsx,2025/07 - July/4 July _25 Pauper Challenge 32 Matchups.xlsx,51,51,292,144,144,0,0,4,0
online-challenge-2025-07-05,2025-07-05,online,MTGO Challenge (2025-07-05),Challenge,5 July _25 Pauper Challenge 32 Matchups.xlsx,2025/07 - July/5 July _25 Pauper Challenge 32 Matchups.xlsx,36,36,219,108,108,0,0,3,0
online-challenge-2025-07-06,2025-07-06,online,MTGO Challenge (2025-07-06),Challenge,6 July _25 Pauper Challenge 32 Matchups.xlsx,2025/07 - July/6 July _25 Pauper Challenge 32 Matchups.xlsx,66,66,418,207,207,0,0,4,0
online-challenge-2025-07-11,2025-07-11,online,MTGO Challenge (2025-07-11),Challenge,11 July _25 Pauper Challenge 32 Matchups.xlsx,2025/07 - July/11 July _25 Pauper Challenge 32 Matchups.xlsx,63,63,337,167,167,0,0,3,0
online-challenge-2025-07-12,2025-07-12,online,MTGO Challenge (2025-07-12),Challenge,12 July _25 Pauper Challenge 32 Matchups.xlsx,2025/07 - July/12 July _25 Pauper Challenge 32 Matchups.xlsx,49,49,281,139,139,0,0,3,0
online-showcase-2025-07-12,2025-07-12,online,MTGO Showcase (2025-07-12),Showcase,12 July _25 Pauper Showcase Challenge Matchups.xlsx,2025/07 - July/12 July _25 Pauper Showcase Challenge Matchups.xlsx,262,262,1659,828,816,0,12,3,0
online-challenge-2025-07-13,2025-07-13,online,MTGO Challenge (2025-07-13),Challenge,13 July _25 Pauper Challenge 32 Matchups.xlsx,2025/07 - July/13 July _25 Pauper Challenge 32 Matchups.xlsx,53,53,271,134,134,0,0,3,0
online-super-2025-07-13,2025-07-13,online,MTGO Super (2025-07-13),Super,13 July _25 Pauper RC Super Qualifier Matchups.xlsx,2025/07 - July/13 July _25 Pauper RC Super Qualifier Matchups.xlsx,281,281,1796,898,893,4,1,4,0
online-challenge-2025-07-18,2025-07-18,online,MTGO Challenge (2025-07-18),Challenge,18 July _25 Pauper Challenge 32 Matchups.xlsx,2025/07 - July/18 July _25 Pauper Challenge 32 Matchups.xlsx,58,58,323,161,159,2,0,3,0
online-challenge-2025-07-19,2025-07-19,online,MTGO Challenge (2025-07-19),Challenge,19 July _25 Pauper Challenge 32 Matchups.xlsx,2025/07 - July/19 July _25 Pauper Challenge 32 Matchups.xlsx,56,56,312,155,155,0,0,2,0
online-challenge-2025-07-20,2025-07-20,online,MTGO Challenge (2025-07-20),Challenge,20 July _25 Pauper Challenge 32 Matchups.xlsx,2025/07 - July/20 July _25 Pauper Challenge 32 Matchups.xlsx,75,75,450,222,221,0,1,6,0
online-challenge-2025-07-25,2025-07-25,online,MTGO Challenge (2025-07-25),Challenge,25 July _25 Pauper Challenge 32 Matchups.xlsx,2025/07 - July/25 July _25 Pauper Challenge 32 Matchups.xlsx,58,58,312,155,155,0,0,2,0
online-challenge-2025-07-26,2025-07-26,online,MTGO Challenge (2025-07-26),Challenge,26 July _25 Pauper Challenge 32 Matchups.xlsx,2025/07 - July/26 July _25 Pauper Challenge 32 Matchups.xlsx,54,54,313,156,156,0,0,1,0
online-challenge-2025-07-27,2025-07-27,online,MTGO Challenge (2025-07-27),Challenge,27 July _25 Pauper Challenge 32 Matchups.xlsx,2025/07 - July/27 July _25 Pauper Challenge 32 Matchups.xlsx,68,68,397,198,198,0,0,1,0
online-challenge-2025-08-01,2025-08-01,online,MTGO Challenge (2025-08-01),Challenge,1 August _25 Pauper Challenge 32 Matchups.xlsx,2025/08 - August/1 August _25 Pauper Challenge 32 Matchups.xlsx,65,65,371,183,182,0,1,5,0
online-challenge-2025-08-02,2025-08-02,online,MTGO Challenge (2025-08-02),Challenge,2 August _25 Pauper Challenge 32 Matchups.xlsx,2025/08 - August/2 August _25 Pauper Challenge 32 Matchups.xlsx,44,44,251,125,78,0,47,1,0
online-showcase-2025-08-02,2025-08-02,online,MTGO Showcase (2025-08-02),Showcase,2 August _25 Pauper Showcase Challenge Matchups.xlsx,2025/08 - August/2 August _25 Pauper Showcase Challenge Matchups.xlsx,292,292,1834,914,893,0,21,5,1
online-challenge-2025-08-03,2025-08-03,online,MTGO Challenge (2025-08-03),Challenge,3 August _25 Pauper Challenge 32 Matchups.xlsx,2025/08 - August/3 August _25 Pauper Challenge 32 Matchups.xlsx,87,87,485,241,240,0,1,3,0
online-challenge-2025-08-08,2025-08-08,online,MTGO Challenge (2025-08-08),Challenge,8 August _25 Pauper Challenge 32 Matchups.xlsx,2025/08 - August/8 August _25 Pauper Challenge 32 Matchups.xlsx,61,61,314,156,156,0,0,2,0
online-challenge-2025-08-09,2025-08-09,online,MTGO Challenge (2025-08-09),Challenge,9 August _25 Pauper Challenge 32 Matchups.xlsx,2025/08 - August/9 August _25 Pauper Challenge 32 Matchups.xlsx,39,39,235,115,114,0,1,5,0
online-challenge-2025-08-10,2025-08-10,online,MTGO Challenge (2025-08-10),Challenge,10 August _25 Pauper Challenge 32 Matchups.xlsx,2025/08 - August/10 August _25 Pauper Challenge 32 Matchups.xlsx,67,67,398,196,196,0,0,6,0
online-challenge-2025-08-15,2025-08-15,online,MTGO Challenge (2025-08-15),Challenge,15 August _25 Pauper Challenge 32 Matchups.xlsx,2025/08 - August/15 August _25 Pauper Challenge 32 Matchups.xlsx,53,53,291,144,144,0,0,3,0
online-challenge-2025-08-16,2025-08-16,online,MTGO Challenge (2025-08-16),Challenge,16 August _25 Pauper Challenge 32 Matchups.xlsx,2025/08 - August/16 August _25 Pauper Challenge 32 Matchups.xlsx,42,42,232,115,115,0,0,2,0
online-showcase-2025-08-16,2025-08-16,online,MTGO Showcase (2025-08-16),Showcase,16 August _25 Pauper Showcase Qualifier Matchups.xlsx,2025/08 - August/16 August _25 Pauper Showcase Qualifier Matchups.xlsx,29,29,148,72,72,0,0,4,0
online-challenge-2025-08-17,2025-08-17,online,MTGO Challenge (2025-08-17),Challenge,17 August _25 Pauper Challenge 32 Matchups.xlsx,2025/08 - August/17 August _25 Pauper Challenge 32 Matchups.xlsx,66,66,372,184,184,0,0,4,0
online-challenge-2025-08-23,2025-08-23,online,MTGO Challenge (2025-08-23),Challenge,23 August _25 Pauper Challenge 32 Matchups.xlsx,2025/08 - August/23 August _25 Pauper Challenge 32 Matchups.xlsx,38,38,223,111,111,0,0,1,0
online-challenge-2025-08-24,2025-08-24,online,MTGO Challenge (2025-08-24),Challenge,24 August _25 Pauper Challenge 32 Matchups.xlsx,2025/08 - August/24 August _25 Pauper Challenge 32 Matchups.xlsx,60,60,330,163,163,0,0,4,0
online-challenge-2025-08-29,2025-08-29,online,MTGO Challenge (2025-08-29),Challenge,29 August _25 Pauper Challenge 32 Matchups.xlsx,2025/08 - August/29 August _25 Pauper Challenge 32 Matchups.xlsx,49,49,268,133,133,0,0,2,0
online-challenge-2025-08-30,2025-08-30,online,MTGO Challenge (2025-08-30),Challenge,30 August _25 Pauper Challenge 32 Matchups.xlsx,2025/08 - August/30 August _25 Pauper Challenge 32 Matchups.xlsx,56,56,304,151,151,0,0,2,0
online-challenge-2025-08-31,2025-08-31,online,MTGO Challenge (2025-08-31),Challenge,31 August _25 Pauper Challenge 32 Matchups.xlsx,2025/08 - August/31 August _25 Pauper Challenge 32 Matchups.xlsx,67,67,391,193,193,0,0,5,0
online-challenge-2025-09-05,2025-09-05,online,MTGO Challenge (2025-09-05),Challenge,5 September _25 Pauper Challenge 32 Matchups.xlsx,2025/09 - September/5 September _25 Pauper Challenge 32 Matchups.xlsx,44,44,253,125,125,0,0,3,0
online-challenge-2025-09-06,2025-09-06,online,MTGO Challenge (2025-09-06),Challenge,6 September _25 Pauper Challenge 32 Matchups.xlsx,2025/09 - September/6 September _25 Pauper Challenge 32 Matchups.xlsx,47,47,268,131,131,0,0,6,0
online-challenge-2025-09-07,2025-09-07,online,MTGO Challenge (2025-09-07),Challenge,7 September _25 Pauper Challenge 32 Matchups.xlsx,2025/09 - September/7 September _25 Pauper Challenge 32 Matchups.xlsx,58,58,311,154,154,0,0,3,0
online-challenge-2025-09-12,2025-09-12,online,MTGO Challenge (2025-09-12),Challenge,12 September _25 Pauper Challenge 32 Matchups.xlsx,2025/09 - September/12 September _25 Pauper Challenge 32 Matchups.xlsx,44,44,250,124,124,0,0,2,0
online-challenge-2025-09-13,2025-09-13,online,MTGO Challenge (2025-09-13),Challenge,13 September _25 Pauper Challenge 32 Matchups.xlsx,2025/09 - September/13 September _25 Pauper Challenge 32 Matchups.xlsx,39,39,227,112,111,0,1,3,0
online-challenge-2025-09-14,2025-09-14,online,MTGO Challenge (2025-09-14),Challenge,14 September _25 Pauper Challenge 32 Matchups.xlsx,2025/09 - September/14 September _25 Pauper Challenge 32 Matchups.xlsx,56,56,300,149,149,0,0,2,0
online-challenge-2025-09-19,2025-09-19,online,MTGO Challenge (2025-09-19),Challenge,19 September _25 Pauper Challenge 32 Matchups.xlsx,2025/09 - September/19 September _25 Pauper Challenge 32 Matchups.xlsx,50,50,273,135,135,0,0,3,0
online-challenge-2025-09-20,2025-09-20,online,MTGO Challenge (2025-09-20),Challenge,20 September _25 Pauper Challenge 32 Matchups.xlsx,2025/09 - September/20 September _25 Pauper Challenge 32 Matchups.xlsx,44,44,236,116,116,0,0,4,0
online-challenge-2025-09-21,2025-09-21,online,MTGO Challenge (2025-09-21),Challenge,21 September _25 Pauper Challenge 32 Matchups.xlsx,2025/09 - September/21 September _25 Pauper Challenge 32 Matchups.xlsx,58,58,311,155,155,0,0,1,0
online-challenge-2025-09-26,2025-09-26,online,MTGO Challenge (2025-09-26),Challenge,26 September _25 Pauper Challenge 32 Matchups.xlsx,2025/09 - September/26 September _25 Pauper Challenge 32 Matchups.xlsx,51,51,284,140,140,0,0,4,0
online-challenge-2025-09-27,2025-09-27,online,MTGO Challenge (2025-09-27),Challenge,27 September _25 Pauper Challenge 32 Matchups.xlsx,2025/09 - September/27 September _25 Pauper Challenge 32 Matchups.xlsx,49,49,268,132,24,0,108,4,0
online-challenge-2025-09-28,2025-09-28,online,MTGO Challenge (2025-09-28),Challenge,28 September _25 Pauper Challenge 32 Matchups.xlsx,2025/09 - September/28 September _25 Pauper Challenge 32 Matchups.xlsx,63,63,327,161,161,0,0,5,0
online-challenge-2025-10-03,2025-10-03,online,MTGO Challenge (2025-10-03),Challenge,3 October _25 Pauper Challenge 32 Matchups.xlsx,2025/10 - October/3 October _25 Pauper Challenge 32 Matchups.xlsx,56,56,310,154,154,0,0,2,0
online-challenge-2025-10-04,2025-10-04,online,MTGO Challenge (2025-10-04),Challenge,4 October _25 Pauper Challenge 32 Matchups.xlsx,2025/10 - October/4 October _25 Pauper Challenge 32 Matchups.xlsx,47,47,256,126,126,0,0,4,0
online-challenge-2025-10-05,2025-10-05,online,MTGO Challenge (2025-10-05),Challenge,5 October _25 Pauper Challenge 32 Matchups.xlsx,2025/10 - October/5 October _25 Pauper Challenge 32 Matchups.xlsx,63,63,336,166,166,0,0,4,0
online-challenge-2025-10-10,2025-10-10,online,MTGO Challenge (2025-10-10),Challenge,10 October _25 Pauper Challenge 32 Matchups.xlsx,2025/10 - October/10 October _25 Pauper Challenge 32 Matchups.xlsx,52,52,297,148,148,0,0,1,0
online-challenge-2025-10-11,2025-10-11,online,MTGO Challenge (2025-10-11),Challenge,11 October _25 Pauper Challenge 32 Matchups.xlsx,2025/10 - October/11 October _25 Pauper Challenge 32 Matchups.xlsx,50,50,281,140,140,0,0,1,0
online-challenge-2025-10-12,2025-10-12,online,MTGO Challenge (2025-10-12),Challenge,12 October _25 Pauper Challenge 32 Matchups.xlsx,2025/10 - October/12 October _25 Pauper Challenge 32 Matchups.xlsx,67,67,395,196,196,0,0,3,0
online-challenge-2025-10-17,2025-10-17,online,MTGO Challenge (2025-10-17),Challenge,17 October _25 Pauper Challenge 32 Matchups.xlsx,2025/10 - October/17 October _25 Pauper Challenge 32 Matchups.xlsx,60,60,316,157,157,0,0,2,0
online-challenge-2025-10-18,2025-10-18,online,MTGO Challenge (2025-10-18),Challenge,18 October _25 Pauper Challenge 32 Matchups.xlsx,2025/10 - October/18 October _25 Pauper Challenge 32 Matchups.xlsx,43,43,239,118,118,0,0,3,0
online-challenge-2025-10-19,2025-10-19,online,MTGO Challenge (2025-10-19),Challenge,19 October _25 Pauper Challenge 32 Matchups.xlsx,2025/10 - October/19 October _25 Pauper Challenge 32 Matchups.xlsx,56,56,314,155,155,0,0,4,0
online-challenge-2025-10-24,2025-10-24,online,MTGO Challenge (2025-10-24),Challenge,24 October _25 Pauper Challenge 32 Matchups.xlsx,2025/10 - October/24 October _25 Pauper Challenge 32 Matchups.xlsx,55,55,304,149,149,0,0,6,0
online-challenge-2025-10-25,2025-10-25,online,MTGO Challenge (2025-10-25),Challenge,25 October _25 Pauper Challenge 32 Matchups.xlsx,2025/10 - October/25 October _25 Pauper Challenge 32 Matchups.xlsx,47,47,262,129,129,0,0,4,0
online-challenge-2025-10-26,2025-10-26,online,MTGO Challenge (2025-10-26),Challenge,26 October _25 Pauper Challenge 32 Matchups.xlsx,2025/10 - October/26 October _25 Pauper Challenge 32 Matchups.xlsx,63,63,347,172,172,0,0,3,0
online-challenge-2025-10-31,2025-10-31,online,MTGO Challenge (2025-10-31),Challenge,31 October _25 Pauper Challenge 32 Matchups.xlsx,2025/10 - October/31 October _25 Pauper Challenge 32 Matchups.xlsx,51,51,284,141,141,0,0,2,0
online-challenge-2025-11-01,2025-11-01,online,MTGO Challenge (2025-11-01),Challenge,1 November _25 Pauper Challenge 32 Matchups.xlsx,2025/11 - November/1 November _25 Pauper Challenge 32 Matchups.xlsx,42,42,238,118,118,0,0,2,0
online-challenge-2025-11-02,2025-11-02,online,MTGO Challenge (2025-11-02),Challenge,2 November _25 Pauper Challenge 32 Matchups.xlsx,2025/11 - November/2 November _25 Pauper Challenge 32 Matchups.xlsx,72,72,422,209,209,0,0,4,0
online-challenge-2025-11-07,2025-11-07,online,MTGO Challenge (2025-11-07),Challenge,7 November _25 Pauper Challenge 32 Matchups.xlsx,2025/11 - November/7 November _25 Pauper Challenge 32 Matchups.xlsx,54,54,304,151,151,0,0,2,0
online-challenge-2025-11-08,2025-11-08,online,MTGO Challenge (2025-11-08),Challenge,8 November _25 Pauper Challenge 32 Matchups.xlsx,2025/11 - November/8 November _25 Pauper Challenge 32 Matchups.xlsx,50,50,285,142,142,0,0,1,0
online-challenge-2025-11-09,2025-11-09,online,MTGO Challenge (2025-11-09),Challenge,9 November _25 Pauper Challenge 32 Special Matchups.xlsx,2025/11 - November/9 November _25 Pauper Challenge 32 Special Matchups.xlsx,48,48,270,134,134,0,0,2,0
online-challenge-2025-11-11,2025-11-11,online,MTGO Challenge (2025-11-11),Challenge,11 November _25 Pauper Challenge 32 Special Matchups.xlsx,2025/11 - November/11 November _25 Pauper Challenge 32 Special Matchups.xlsx,48,48,263,130,130,0,0,3,0
online-challenge-2025-11-12,2025-11-12,online,MTGO Challenge (2025-11-12),Challenge,12 November _25 Pauper Challenge 32 Special Matchups.xlsx,2025/11 - November/12 November _25 Pauper Challenge 32 Special Matchups.xlsx,32,32,151,75,75,0,0,1,0
online-challenge-2025-11-13,2025-11-13,online,MTGO Challenge (2025-11-13),Challenge,13 November _25 Pauper Challenge 32 Special Matchups.xlsx,2025/11 - November/13 November _25 Pauper Challenge 32 Special Matchups.xlsx,50,50,269,133,133,0,0,3,0
online-challenge-2025-11-14,2025-11-14,online,MTGO Challenge (2025-11-14),Challenge,14 November _25 Pauper Challenge 32 Special Matchups.xlsx,2025/11 - November/14 November _25 Pauper Challenge 32 Special Matchups.xlsx,66,66,392,194,194,0,0,4,0
online-championship-week-finals-2025-11-15,2025-11-15,online,MTGO Championship Week Finals (2025-11-15),Championship Week Finals,15 November _25 Pauper Championship Week Finals Matchups.xlsx,2025/11 - November/15 November _25 Pauper Championship Week Finals Matchups.xlsx,188,188,1203,601,598,2,1,3,0
online-challenge-2025-11-16,2025-11-16,online,MTGO Challenge (2025-11-16),Challenge,16 November _25 Pauper Challenge 32 Matchups.xlsx,2025/11 - November/16 November _25 Pauper Challenge 32 Matchups.xlsx,67,67,391,194,193,0,1,3,0
online-challenge-2025-11-20,2025-11-20,online,MTGO Challenge (2025-11-20),Challenge,20 November _25 Pauper Challenge 32 Matchups.xlsx,2025/11 - November/20 November _25 Pauper Challenge 32 Matchups.xlsx,42,42,236,116,116,0,0,4,0
online-challenge-2025-11-21,2025-11-21,online,MTGO Challenge (2025-11-21),Challenge,21 November _25 Pauper Challenge 32 Matchups.xlsx,2025/11 - November/21 November _25 Pauper Challenge 32 Matchups.xlsx,55,55,303,150,150,0,0,3,0
online-challenge-2025-11-22,2025-11-22,online,MTGO Challenge (2025-11-22),Challenge,22 November _25 Pauper Challenge 32 Matchups.xlsx,2025/11 - November/22 November _25 Pauper Challenge 32 Matchups.xlsx,48,48,274,136,136,0,0,2,0
online-challenge-2025-11-23,2025-11-23,online,MTGO Challenge (2025-11-23),Challenge,23 November _25 Pauper Challenge 32 Matchups.xlsx,2025/11 - November/23 November _25 Pauper Challenge 32 Matchups.xlsx,57,57,309,153,153,0,0,3,0
online-challenge-2025-11-27,2025-11-27,online,MTGO Challenge (2025-11-27),Challenge,27 November _25 Pauper Challenge 32 Matchups.xlsx,2025/11 - November/27 November _25 Pauper Challenge 32 Matchups.xlsx,45,45,263,129,129,0,0,5,0
online-challenge-2025-11-28,2025-11-28,online,MTGO Challenge (2025-11-28),Challenge,28 November _25 Pauper Challenge 32 Matchups.xlsx,2025/11 - November/28 November _25 Pauper Challenge 32 Matchups.xlsx,40,40,227,112,112,0,0,3,0
online-challenge-2025-11-29,2025-11-29,online,MTGO Challenge (2025-11-29),Challenge,29 November _25 Pauper Challenge 32 Matchups.xlsx,2025/11 - November/29 November _25 Pauper Challenge 32 Matchups.xlsx,37,37,228,112,112,0,0,4,0
online-challenge-2025-11-30,2025-11-30,online,MTGO Challenge (2025-11-30),Challenge,30 November _25 Pauper Challenge 32 Matchups.xlsx,2025/11 - November/30 November _25 Pauper Challenge 32 Matchups.xlsx,64,64,337,168,168,0,0,1,0
online-challenge-2025-12-04,2025-12-04,online,MTGO Challenge (2025-12-04),Challenge,4 December _25 Pauper Challenge 32 Matchups.xlsx,2025/12 - December/4 December _25 Pauper Challenge 32 Matchups.xlsx,42,42,235,115,115,0,0,5,0
online-challenge-2025-12-05,2025-12-05,online,MTGO Challenge (2025-12-05),Challenge,5 December _25 Pauper Challenge 32 Matchups.xlsx,2025/12 - December/5 December _25 Pauper Challenge 32 Matchups.xlsx,47,47,250,122,121,0,1,6,0
online-challenge-2025-12-06,2025-12-06,online,MTGO Challenge (2025-12-06),Challenge,6 December _25 Pauper Challenge 32 Matchups.xlsx,2025/12 - December/6 December _25 Pauper Challenge 32 Matchups.xlsx,51,51,291,144,144,0,0,3,0
online-challenge-2025-12-07,2025-12-07,online,MTGO Challenge (2025-12-07),Challenge,7 December _25 Pauper Challenge 32 Matchups.xlsx,2025/12 - December/7 December _25 Pauper Challenge 32 Matchups.xlsx,74,74,421,209,209,0,0,3,0
online-challenge-2025-12-11,2025-12-11,online,MTGO Challenge (2025-12-11),Challenge,11 December _25 Pauper Challenge 32 Matchups.xlsx,2025/12 - December/11 December _25 Pauper Challenge 32 Matchups.xlsx,51,51,278,137,137,0,0,4,0
online-challenge-2025-12-12,2025-12-12,online,MTGO Challenge (2025-12-12),Challenge,12 December _25 Pauper Challenge 32 Matchups.xlsx,2025/12 - December/12 December _25 Pauper Challenge 32 Matchups.xlsx,61,61,317,157,156,0,1,3,0
online-challenge-2025-12-13,2025-12-13,online,MTGO Challenge (2025-12-13),Challenge,13 December _25 Pauper Challenge 32 Matchups.xlsx,2025/12 - December/13 December _25 Pauper Challenge 32 Matchups.xlsx,50,50,282,141,139,2,0,2,0
online-challenge-2025-12-14,2025-12-14,online,MTGO Challenge (2025-12-14),Challenge,14 December _25 Pauper Challenge 32 Matchups.xlsx,2025/12 - December/14 December _25 Pauper Challenge 32 Matchups.xlsx,64,64,321,160,160,0,0,1,0
online-challenge-2025-12-18,2025-12-18,online,MTGO Challenge (2025-12-18),Challenge,18 December _25 Pauper Challenge 32 Matchups.xlsx,2025/12 - December/18 December _25 Pauper Challenge 32 Matchups.xlsx,51,51,278,138,138,0,0,2,0
online-challenge-2025-12-19,2025-12-19,online,MTGO Challenge (2025-12-19),Challenge,19 December _25 Pauper Challenge 32 Matchups.xlsx,2025/12 - December/19 December _25 Pauper Challenge 32 Matchups.xlsx,51,51,281,139,139,0,0,3,0
online-challenge-2025-12-21,2025-12-21,online,MTGO Challenge (2025-12-21),Challenge,21 December _25 Pauper Challenge 32 Matchups.xlsx,2025/12 - December/21 December _25 Pauper Challenge 32 Matchups.xlsx,62,62,326,162,162,0,0,2,0
online-challenge-2025-12-25,2025-12-25,online,MTGO Challenge (2025-12-25),Challenge,25 December _25 Pauper Challenge 32 Matchups.xlsx,2025/12 - December/25 December _25 Pauper Challenge 32 Matchups.xlsx,62,62,332,166,162,4,0,4,0
online-challenge-2025-12-26,2025-12-26,online,MTGO Challenge (2025-12-26),Challenge,26 December _25 Pauper Challenge 32 Matchups.xlsx,2025/12 - December/26 December _25 Pauper Challenge 32 Matchups.xlsx,54,54,296,146,145,0,1,4,0
online-challenge-2025-12-27,2025-12-27,online,MTGO Challenge (2025-12-27),Challenge,27 December _25 Pauper Challenge 32 Matchups.xlsx,2025/12 - December/27 December _25 Pauper Challenge 32 Matchups.xlsx,43,43,254,124,124,0,0,6,0
online-challenge-2025-12-28,2025-12-28,online,MTGO Challenge (2025-12-28),Challenge,28 December _25 Pauper Challenge 32 Matchups.xlsx,2025/12 - December/28 December _25 Pauper Challenge 32 Matchups.xlsx,47,47,259,127,127,0,0,5,0
online-super-2025-12-28,2025-12-28,online,MTGO Super (2025-12-28),Super,28 December _25 Pauper RC Super Qualifier Matchups.xlsx,2025/12 - December/28 December _25 Pauper RC Super Qualifier Matchups.xlsx,235,235,1570,783,783,0,0,4,0
online-challenge-2026-01-01,2026-01-01,online,MTGO Challenge (2026-01-01),Challenge,1 January _26 Pauper Challenge 32 Matchups.xlsx,2026/01 - January/1 January _26 Pauper Challenge 32 Matchups.xlsx,72,72,427,213,211,2,0,3,0
online-challenge-2026-01-02,2026-01-02,online,MTGO Challenge (2026-01-02),Challenge,2 January _26 Pauper Challenge 32 Matchups.xlsx,2026/01 - January/2 January _26 Pauper Challenge 32 Matchups.xlsx,57,57,316,157,155,0,2,2,0
online-challenge-2026-01-03,2026-01-03,online,MTGO Challenge (2026-01-03),Challenge,3 January _26 Pauper Challenge 32 Matchups.xlsx,2026/01 - January/3 January _26 Pauper Challenge 32 Matchups.xlsx,63,63,346,171,170,0,1,4,0
online-challenge-2026-01-04,2026-01-04,online,MTGO Challenge (2026-01-04),Challenge,4 January _26 Pauper Challenge 32 Matchups.xlsx,2026/01 - January/4 January _26 Pauper Challenge 32 Matchups.xlsx,79,79,459,228,227,0,1,3,0
online-challenge-2026-01-08,2026-01-08,online,MTGO Challenge (2026-01-08),Challenge,8 January _26 Pauper Challenge 32 Matchups.xlsx,2026/01 - January/8 January _26 Pauper Challenge 32 Matchups.xlsx,56,56,303,150,150,0,0,3,0
online-challenge-2026-01-09,2026-01-09,online,MTGO Challenge (2026-01-09),Challenge,9 January _26 Pauper Challenge 32 Matchups.xlsx,2026/01 - January/9 January _26 Pauper Challenge 32 Matchups.xlsx,61,61,316,155,155,0,0,6,0
online-challenge-2026-01-10,2026-01-10,online,MTGO Challenge (2026-01-10),Challenge,10 January _26 Pauper Challenge 32 Matchups.xlsx,2026/01 - January/10 January _26 Pauper Challenge 32 Matchups.xlsx,57,57,311,153,152,0,1,5,0
online-challenge-2026-01-11,2026-01-11,online,MTGO Challenge (2026-01-11),Challenge,11 January _26 Pauper Challenge 32 Matchups.xlsx,2026/01 - January/11 January _26 Pauper Challenge 32 Matchups.xlsx,63,63,351,174,174,0,0,3,0
online-challenge-2026-01-15,2026-01-15,online,MTGO Challenge (2026-01-15),Challenge,15 January _26 Pauper Challenge 32 Matchups.xlsx,2026/01 - January/15 January _26 Pauper Challenge 32 Matchups.xlsx,61,61,324,161,161,0,0,2,0
online-challenge-2026-01-16,2026-01-16,online,MTGO Challenge (2026-01-16),Challenge,16 January _26 Pauper Challenge 32 Matchups.xlsx,2026/01 - January/16 January _26 Pauper Challenge 32 Matchups.xlsx,64,64,337,167,167,0,0,3,0
online-challenge-2026-01-17,2026-01-17,online,MTGO Challenge (2026-01-17),Challenge,17 January _26 Pauper Challenge 32 Matchups.xlsx,2026/01 - January/17 January _26 Pauper Challenge 32 Matchups.xlsx,50,50,264,132,129,3,0,3,0
online-challenge-2026-01-18,2026-01-18,online,MTGO Challenge (2026-01-18),Challenge,18 January _26 Pauper Challenge 32 Matchups.xlsx,2026/01 - January/18 January _26 Pauper Challenge 32 Matchups.xlsx,71,71,400,198,198,0,0,4,0
online-challenge-2026-01-22,2026-01-22,online,MTGO Challenge (2026-01-22),Challenge,22 January _26 Pauper Challenge 32 Matchups.xlsx,2026/01 - January/22 January _26 Pauper Challenge 32 Matchups.xlsx,46,46,251,124,124,0,0,3,0
online-challenge-2026-01-23,2026-01-23,online,MTGO Challenge (2026-01-23),Challenge,23 January _26 Pauper Challenge 32 Matchups.xlsx,2026/01 - January/23 January _26 Pauper Challenge 32 Matchups.xlsx,57,57,323,159,159,0,0,5,0
online-challenge-2026-01-24,2026-01-24,online,MTGO Challenge (2026-01-24),Challenge,24 January _26 Pauper Challenge 32 Matchups.xlsx,2026/01 - January/24 January _26 Pauper Challenge 32 Matchups.xlsx,46,46,269,134,134,0,0,1,0
online-challenge-2026-01-25,2026-01-25,online,MTGO Challenge (2026-01-25),Challenge,25 January _26 Pauper Challenge 32 Matchups.xlsx,2026/01 - January/25 January _26 Pauper Challenge 32 Matchups.xlsx,71,71,416,207,207,0,0,2,0
online-challenge-2026-01-29,2026-01-29,online,MTGO Challenge (2026-01-29),Challenge,29 January _26 Pauper Challenge 32 Matchups.xlsx,2026/01 - January/29 January _26 Pauper Challenge 32 Matchups.xlsx,49,49,277,137,137,0,0,3,0
online-challenge-2026-01-30,2026-01-30,online,MTGO Challenge (2026-01-30),Challenge,30 January _26 Pauper Challenge 32 Matchups.xlsx,2026/01 - January/30 January _26 Pauper Challenge 32 Matchups.xlsx,57,57,306,152,150,2,0,4,0
online-challenge-2026-02-01,2026-02-01,online,MTGO Challenge (2026-02-01),Challenge,1 February _26 Pauper Challenge 32 Matchups.xlsx,2026/02 - February/1 February _26 Pauper Challenge 32 Matchups.xlsx,59,59,303,149,149,0,0,5,0
online-challenge-2026-02-05,2026-02-05,online,MTGO Challenge (2026-02-05),Challenge,5 February _26 Pauper Challenge 32 Matchups.xlsx,2026/02 - February/5 February _26 Pauper Challenge 32 Matchups.xlsx,51,51,284,140,140,0,0,4,0
online-challenge-2026-02-06,2026-02-06,online,MTGO Challenge (2026-02-06),Challenge,6 February _26 Pauper Challenge 32 Matchups.xlsx,2026/02 - February/6 February _26 Pauper Challenge 32 Matchups.xlsx,46,46,262,130,130,0,0,2,0
online-challenge-2026-02-07,2026-02-07,online,MTGO Challenge (2026-02-07),Challenge,7 February _26 Pauper Challenge 32 Matchups.xlsx,2026/02 - February/7 February _26 Pauper Challenge 32 Matchups.xlsx,47,47,266,132,132,0,0,2,0
online-challenge-2026-02-08,2026-02-08,online,MTGO Challenge (2026-02-08),Challenge,8 February _26 Pauper Challenge 32 Matchups.xlsx,2026/02 - February/8 February _26 Pauper Challenge 32 Matchups.xlsx,55,55,305,150,150,0,0,5,0
online-challenge-2026-02-12,2026-02-12,online,MTGO Challenge (2026-02-12),Challenge,12 February _26 Pauper Challenge 32 Matchups.xlsx,2026/02 - February/12 February _26 Pauper Challenge 32 Matchups.xlsx,44,44,243,120,120,0,0,3,0
online-challenge-2026-02-13,2026-02-13,online,MTGO Challenge (2026-02-13),Challenge,13 February _26 Pauper Challenge 32 Matchups.xlsx,2026/02 - February/13 February _26 Pauper Challenge 32 Matchups.xlsx,51,51,277,137,137,0,0,3,0
online-challenge-2026-02-14,2026-02-14,online,MTGO Challenge (2026-02-14),Challenge,14 February _26 Pauper Challenge 32 Matchups.xlsx,2026/02 - February/14 February _26 Pauper Challenge 32 Matchups.xlsx,45,45,264,130,130,0,0,4,0
online-challenge-2026-02-15,2026-02-15,online,MTGO Challenge (2026-02-15),Challenge,15 February _26 Pauper Challenge 32 Matchups.xlsx,2026/02 - February/15 February _26 Pauper Challenge 32 Matchups.xlsx,51,51,275,136,136,0,0,3,0
online-challenge-2026-02-19,2026-02-19,online,MTGO Challenge (2026-02-19),Challenge,19 February _26 Pauper Challenge 32 Matchups.xlsx,2026/02 - February/19 February _26 Pauper Challenge 32 Matchups.xlsx,50,50,266,132,132,0,0,2,0
online-challenge-2026-02-20,2026-02-20,online,MTGO Challenge (2026-02-20),Challenge,20 February _26 Pauper Challenge 32 Matchups.xlsx,2026/02 - February/20 February _26 Pauper Challenge 32 Matchups.xlsx,54,54,299,148,147,0,1,3,0
online-challenge-2026-02-21,2026-02-21,online,MTGO Challenge (2026-02-21),Challenge,21 February _26 Pauper Challenge 32 Matchups.xlsx,2026/02 - February/21 February _26 Pauper Challenge 32 Matchups.xlsx,43,43,254,126,126,0,0,2,0
online-challenge-2026-02-22,2026-02-22,online,MTGO Challenge (2026-02-22),Challenge,22 February _26 Pauper Challenge 32 Matchups.xlsx,2026/02 - February/22 February _26 Pauper Challenge 32 Matchups.xlsx,37,37,213,105,105,0,0,3,0
online-qualifier-2026-02-22,2026-02-22,online,MTGO Qualifier (2026-02-22),Qualifier,22 February _26 Pauper RC Qualifier Matchups.xlsx,2026/02 - February/22 February _26 Pauper RC Qualifier Matchups.xlsx,176,176,1002,502,496,6,0,4,0
online-challenge-2026-02-26,2026-02-26,online,MTGO Challenge (2026-02-26),Challenge,26 February _26 Pauper Challenge 32 Matchups.xlsx,2026/02 - February/26 February _26 Pauper Challenge 32 Matchups.xlsx,46,46,247,128,116,12,0,3,0
online-challenge-2026-02-27,2026-02-27,online,MTGO Challenge (2026-02-27),Challenge,27 February _26 Pauper Challenge 32 Matchups.xlsx,2026/02 - February/27 February _26 Pauper Challenge 32 Matchups.xlsx,57,57,302,150,150,0,0,2,0
online-challenge-2026-02-28,2026-02-28,online,MTGO Challenge (2026-02-28),Challenge,28 February _26 Pauper Challenge 32 Matchups.xlsx,2026/02 - February/28 February _26 Pauper Challenge 32 Matchups.xlsx,54,54,292,144,144,0,0,4,0
online-challenge-2026-03-01,2026-03-01,online,MTGO Challenge (2026-03-01),Challenge,1 March _26 Pauper Challenge 32 Matchups.xlsx,2026/03 - March/1 March _26 Pauper Challenge 32 Matchups.xlsx,58,58,305,151,150,1,0,3,1
online-challenge-2026-03-05,2026-03-05,online,MTGO Challenge (2026-03-05),Challenge,5 March _26 Pauper Challenge 32 Matchups.xlsx,2026/03 - March/5 March _26 Pauper Challenge 32 Matchups.xlsx,44,44,248,123,123,0,0,2,0
online-challenge-2026-03-06,2026-03-06,online,MTGO Challenge (2026-03-06),Challenge,6 March _26 Pauper Challenge 32 Matchups.xlsx,2026/03 - March/6 March _26 Pauper Challenge 32 Matchups.xlsx,52,52,292,146,146,0,0,0,0
online-challenge-2026-03-07,2026-03-07,online,MTGO Challenge (2026-03-07),Challenge,7 March _26 Pauper Challenge 32 Matchups.xlsx,2026/03 - March/7 March _26 Pauper Challenge 32 Matchups.xlsx,50,50,284,141,141,0,0,2,0
online-challenge-2026-03-08,2026-03-08,online,MTGO Challenge (2026-03-08),Challenge,8 March _26 Pauper Challenge 32 Matchups.xlsx,2026/03 - March/8 March _26 Pauper Challenge 32 Matchups.xlsx,62,62,323,160,160,0,0,3,0
online-challenge-2026-03-12,2026-03-12,online,MTGO Challenge (2026-03-12),Challenge,12 March _26 Pauper Challenge 32 Matchups.xlsx,2026/03 - March/12 March _26 Pauper Challenge 32 Matchups.xlsx,49,49,275,136,136,0,0,3,0
online-challenge-2026-03-13,2026-03-13,online,MTGO Challenge (2026-03-13),Challenge,13 March _26 Pauper Challenge 32 Matchups.xlsx,2026/03 - March/13 March _26 Pauper Challenge 32 Matchups.xlsx,60,60,308,153,153,0,0,2,0
online-challenge-2026-03-14,2026-03-14,online,MTGO Challenge (2026-03-14),Challenge,14 March _26 Pauper Challenge 32 Matchups.xlsx,2026/03 - March/14 March _26 Pauper Challenge 32 Matchups.xlsx,50,50,282,139,139,0,0,4,0
online-challenge-2026-03-15,2026-03-15,online,MTGO Challenge (2026-03-15),Challenge,15 March _26 Pauper Challenge 32 Matchups.xlsx,2026/03 - March/15 March _26 Pauper Challenge 32 Matchups.xlsx,76,76,432,215,215,0,0,2,0
online-challenge-2026-03-19,2026-03-19,online,MTGO Challenge (2026-03-19),Challenge,19 March _26 Pauper Challenge 32 Matchups.xlsx,2026/03 - March/19 March _26 Pauper Challenge 32 Matchups.xlsx,43,43,253,126,124,2,0,3,0
online-challenge-2026-03-20,2026-03-20,online,MTGO Challenge (2026-03-20),Challenge,20 March _26 Pauper Challenge 32 Matchups.xlsx,2026/03 - March/20 March _26 Pauper Challenge 32 Matchups.xlsx,53,53,298,148,146,2,0,4,0
online-challenge-2026-03-21,2026-03-21,online,MTGO Challenge (2026-03-21),Challenge,21 March _26 Pauper Challenge 32 Matchups.xlsx,2026/03 - March/21 March _26 Pauper Challenge 32 Matchups.xlsx,40,40,235,117,117,0,0,1,0
online-challenge-2026-03-22,2026-03-22,online,MTGO Challenge (2026-03-22),Challenge,22 March _26 Pauper Challenge 32 Matchups.xlsx,2026/03 - March/22 March _26 Pauper Challenge 32 Matchups.xlsx,63,63,331,164,164,0,0,3,0
online-challenge-2026-03-26,2026-03-26,online,MTGO Challenge (2026-03-26),Challenge,26 March _26 Pauper Challenge 32 Matchups.xlsx,2026/03 - March/26 March _26 Pauper Challenge 32 Matchups.xlsx,41,41,224,110,110,0,0,4,0
online-challenge-2026-03-27,2026-03-27,online,MTGO Challenge (2026-03-27),Challenge,27 March _26 Pauper Challenge 32 Matchups.xlsx,2026/03 - March/27 March _26 Pauper Challenge 32 Matchups.xlsx,64,64,340,169,169,0,0,2,0
online-challenge-2026-03-28,2026-03-28,online,MTGO Challenge (2026-03-28),Challenge,28 March _26 Pauper Challenge 32 Matchups.xlsx,2026/03 - March/28 March _26 Pauper Challenge 32 Matchups.xlsx,59,59,316,157,153,4,0,4,2
online-challenge-2026-03-29,2026-03-29,online,MTGO Challenge (2026-03-29),Challenge,29 March _26 Pauper Challenge 32 Matchups.xlsx,2026/03 - March/29 March _26 Pauper Challenge 32 Matchups.xlsx,78,78,433,215,215,0,0,3,0
online-challenge-2026-04-02,2026-04-02,online,MTGO Challenge (2026-04-02),Challenge,2 April _26 Pauper Challenge 32 Matchups.xlsx,2026/04 - April/2 April _26 Pauper Challenge 32 Matchups.xlsx,56,56,308,153,153,0,0,2,0
online-challenge-2026-04-03,2026-04-03,online,MTGO Challenge (2026-04-03),Challenge,3 April _26 Pauper Challenge 32 Matchups.xlsx,2026/04 - April/3 April _26 Pauper Challenge 32 Matchups.xlsx,65,65,377,187,186,1,0,3,1
online-challenge-2026-04-04,2026-04-04,online,MTGO Challenge (2026-04-04),Challenge,4 April _26 Pauper Challenge 32 Matchups.xlsx,2026/04 - April/4 April _26 Pauper Challenge 32 Matchups.xlsx,57,57,303,150,149,0,1,3,0
online-challenge-2026-04-05,2026-04-05,online,MTGO Challenge (2026-04-05),Challenge,5 April _26 Pauper Challenge 32 Matchups.xlsx,2026/04 - April/5 April _26 Pauper Challenge 32 Matchups.xlsx,88,88,513,256,254,2,0,3,0
online-challenge-2026-04-09,2026-04-09,online,MTGO Challenge (2026-04-09),Challenge,9 April _26 Pauper Challenge 32 Matchups.xlsx,2026/04 - April/9 April _26 Pauper Challenge 32 Matchups.xlsx,48,48,256,126,126,0,0,4,0
online-challenge-2026-04-10,2026-04-10,online,MTGO Challenge (2026-04-10),Challenge,10 April _26 Pauper Challenge 32 Matchups.xlsx,2026/04 - April/10 April _26 Pauper Challenge 32 Matchups.xlsx,54,54,302,150,148,2,0,4,0
online-challenge-2026-04-11,2026-04-11,online,MTGO Challenge (2026-04-11),Challenge,11 April _26 Pauper Challenge 32 Matchups.xlsx,2026/04 - April/11 April _26 Pauper Challenge 32 Matchups.xlsx,47,47,267,134,130,4,0,3,0
online-challenge-2026-04-16,2026-04-16,online,MTGO Challenge (2026-04-16),Challenge,16 April _26 Pauper Challenge 32 Matchups.xlsx,2026/04 - April/16 April _26 Pauper Challenge 32 Matchups.xlsx,45,45,251,124,124,0,0,3,0
online-challenge-2026-04-17,2026-04-17,online,MTGO Challenge (2026-04-17),Challenge,17 April _26 Pauper Challenge 32 Matchups.xlsx,2026/04 - April/17 April _26 Pauper Challenge 32 Matchups.xlsx,49,49,262,128,128,0,0,6,0
online-challenge-2026-04-18,2026-04-18,online,MTGO Challenge (2026-04-18),Challenge,18 April _26 Pauper Challenge 32 Matchups.xlsx,2026/04 - April/18 April _26 Pauper Challenge 32 Matchups.xlsx,52,52,264,130,130,0,0,4,0
online-challenge-2026-04-19,2026-04-19,online,MTGO Challenge (2026-04-19),Challenge,19 April _26 Pauper Challenge 32 Matchups.xlsx,2026/04 - April/19 April _26 Pauper Challenge 32 Matchups.xlsx,66,66,377,191,185,6,0,1,0
online-challenge-2026-04-23,2026-04-23,online,MTGO Challenge (2026-04-23),Challenge,23 April _26 Pauper Challenge 32 Matchups.xlsx,2026/04 - April/23 April _26 Pauper Challenge 32 Matchups.xlsx,36,36,212,105,105,0,0,2,0
online-challenge-2026-04-24,2026-04-24,online,MTGO Challenge (2026-04-24),Challenge,24 April _26 Pauper Challenge 32 Matchups.xlsx,2026/04 - April/24 April _26 Pauper Challenge 32 Matchups.xlsx,52,52,281,139,138,0,1,3,0
online-challenge-2026-04-25,2026-04-25,online,MTGO Challenge (2026-04-25),Challenge,25 April _26 Pauper Challenge 32 Matchups.xlsx,2026/04 - April/25 April _26 Pauper Challenge 32 Matchups.xlsx,39,39,225,111,111,0,0,3,0
online-challenge-2026-04-26,2026-04-26,online,MTGO Challenge (2026-04-26),Challenge,26 April _26 Pauper Challenge 32 Matchups.xlsx,2026/04 - April/26 April _26 Pauper Challenge 32 Matchups.xlsx,56,56,295,146,146,0,0,3,0
online-challenge-2026-04-30,2026-04-30,online,MTGO Challenge (2026-04-30),Challenge,30 April _26 Pauper Challenge 32 Matchups.xlsx,2026/04 - April/30 April _26 Pauper Challenge 32 Matchups.xlsx,54,54,264,131,131,0,0,2,0
online-challenge-2026-05-01,2026-05-01,online,MTGO Challenge (2026-05-01),Challenge,1 May '26 Pauper Challenge 32 Matchups.xlsx,2026/05 - May/1 May '26 Pauper Challenge 32 Matchups.xlsx,61,61,326,161,161,0,0,4,0
online-challenge-2026-05-02,2026-05-02,online,MTGO Challenge (2026-05-02),Challenge,2 May _26 Pauper Challenge 32 Matchups.xlsx,2026/05 - May/2 May _26 Pauper Challenge 32 Matchups.xlsx,52,52,277,137,137,0,0,3,0
online-challenge-2026-05-03,2026-05-03,online,MTGO Challenge (2026-05-03),Challenge,3 May '26 Pauper Challenge 32 Matchups.xlsx,2026/05 - May/3 May '26 Pauper Challenge 32 Matchups.xlsx,53,53,277,136,136,0,0,5,0
online-challenge-2026-05-07,2026-05-07,online,MTGO Challenge (2026-05-07),Challenge,7 May '26 Pauper Challenge 32 Matchups.xlsx,2026/05 - May/7 May '26 Pauper Challenge 32 Matchups.xlsx,46,46,252,124,124,0,0,4,0
online-challenge-2026-05-08,2026-05-08,online,MTGO Challenge (2026-05-08),Challenge,8 May '26 Pauper Challenge 32 Matchups.xlsx,2026/05 - May/8 May '26 Pauper Challenge 32 Matchups.xlsx,56,56,305,152,152,0,0,1,0
online-challenge-2026-05-09,2026-05-09,online,MTGO Challenge (2026-05-09),Challenge,9 May '26 Pauper Challenge 32 Matchups.xlsx,2026/05 - May/9 May '26 Pauper Challenge 32 Matchups.xlsx,49,49,287,142,142,0,0,3,0
online-challenge-2026-05-10,2026-05-10,online,MTGO Challenge (2026-05-10),Challenge,10 May '26 Pauper Challenge 32 Matchups.xlsx,2026/05 - May/10 May '26 Pauper Challenge 32 Matchups.xlsx,55,55,292,146,144,2,0,2,0
online-showcase-2026-05-10,2026-05-10,online,MTGO Showcase (2026-05-10),Showcase,10 May _26 Pauper Showcase Challenge Matchups.xlsx,2026/05 - May/10 May _26 Pauper Showcase Challenge Matchups.xlsx,192,192,1181,588,586,2,0,5,2
